Date,Total_Bitcoins
2021-02-15,18628900.0
2021-02-14,18628025.0
2021-02-13,18626925.0
2021-02-12,18626031.25
2021-02-11,18625318.75
2021-02-10,18624456.25
2021-02-09,18623525.0
2021-02-08,18622406.25
2021-02-07,18621487.5
2021-02-06,18620468.75
2021-02-05,18619512.5
2021-02-04,18618537.5
2021-02-03,18617443.75
2021-02-02,18616831.25
2021-02-01,18615731.25
2021-01-31,18614856.25
2021-01-30,18613981.25
2021-01-29,18613100.0
2021-01-28,18612225.0
2021-01-27,18611350.0
2021-01-26,18610250.0
2021-01-25,18609368.75
2021-01-24,18608487.5
2021-01-23,18607612.5
2021-01-22,18606737.5
2021-01-21,18605862.5
2021-01-20,18604981.25
2021-01-19,18604106.25
2021-01-18,18603225.0
2021-01-17,18602350.0
2021-01-16,18601462.5
2021-01-15,18600356.25
2021-01-14,18599481.25
2021-01-13,18598606.25
2021-01-12,18597725.0
2021-01-11,18596631.25
2021-01-10,18595756.25
2021-01-09,18594868.75
2021-01-08,18593993.75
2021-01-07,18592893.75
2021-01-06,18591800.0
2021-01-05,18590706.25
2021-01-04,18589812.5
2021-01-03,18588718.75
2021-01-02,18587837.5
2021-01-01,18586956.25
2020-12-31,18585862.5
2020-12-30,18584756.25
2020-12-29,18583881.25
2020-12-28,18582781.25
2020-12-27,18581906.25
2020-12-26,18581025.0
2020-12-25,18580150.0
2020-12-24,18579275.0
2020-12-23,18578400.0
2020-12-22,18577518.75
2020-12-21,18576637.5
2020-12-20,18575762.5
2020-12-19,18574662.5
2020-12-18,18573787.5
2020-12-17,18572906.25
2020-12-16,18572025.0
2020-12-15,18571143.75
2020-12-14,18570268.75
2020-12-13,18569168.75
2020-12-12,18568506.25
2020-12-11,18567625.0
2020-12-10,18566743.75
2020-12-09,18565868.75
2020-12-08,18564981.25
2020-12-07,18564106.25
2020-12-06,18563231.25
2020-12-05,18562350.0
2020-12-04,18561475.0
2020-12-03,18560381.25
2020-12-02,18559500.0
2020-12-01,18558625.0
2020-11-30,18557968.75
2020-11-29,18557081.25
2020-11-28,18555987.5
2020-11-27,18555106.25
2020-11-26,18554225.0
2020-11-25,18553131.25
2020-11-24,18552256.25
2020-11-23,18551381.25
2020-11-22,18550281.25
2020-11-21,18549187.5
2020-11-20,18548093.75
2020-11-19,18547437.5
2020-11-18,18546331.25
2020-11-17,18545237.5
2020-11-16,18544362.5
2020-11-15,18543268.75
2020-11-14,18542375.0
2020-11-13,18541718.75
2020-11-12,18540618.75
2020-11-11,18539743.75
2020-11-10,18538868.75
2020-11-09,18537550.0
2020-11-08,18536662.5
2020-11-07,18535787.5
2020-11-06,18534906.25
2020-11-05,18534000.0
2020-11-04,18532906.25
2020-11-03,18532031.25
2020-11-02,18531593.75
2020-11-01,18530712.5
2020-10-31,18530056.25
2020-10-30,18529400.0
2020-10-29,18528743.75
2020-10-28,18528087.5
2020-10-27,18527431.25
2020-10-26,18526775.0
2020-10-25,18525900.0
2020-10-24,18525018.75
2020-10-23,18524137.5
2020-10-22,18523468.75
2020-10-21,18522587.5
2020-10-20,18521712.5
2020-10-19,18520831.25
2020-10-18,18520175.0
2020-10-17,18519075.0
2020-10-16,18518200.0
2020-10-15,18517318.75
2020-10-14,18516218.75
2020-10-13,18515337.5
2020-10-12,18514243.75
2020-10-11,18513362.5
2020-10-10,18512481.25
2020-10-09,18511606.25
2020-10-08,18510725.0
2020-10-07,18509631.25
2020-10-06,18508968.75
2020-10-05,18508081.25
2020-10-04,18506987.5
2020-10-03,18506106.25
2020-10-02,18505231.25
2020-10-01,18504575.0
2020-09-30,18503481.25
2020-09-29,18502600.0
2020-09-28,18501725.0
2020-09-27,18500837.5
2020-09-26,18499956.25
2020-09-25,18498843.75
2020-09-24,18497962.5
2020-09-23,18497087.5
2020-09-22,18496212.5
2020-09-21,18495337.5
2020-09-20,18494462.5
2020-09-19,18493587.5
2020-09-18,18492493.75
2020-09-17,18491400.0
2020-09-16,18490525.0
2020-09-15,18489431.25
2020-09-14,18488331.25
2020-09-13,18487456.25
2020-09-12,18486356.25
2020-09-11,18485475.0
2020-09-10,18484381.25
2020-09-09,18483506.25
2020-09-08,18482631.25
2020-09-07,18481525.0
2020-09-06,18480650.0
2020-09-05,18479768.75
2020-09-04,18478887.5
2020-09-03,18478012.5
2020-09-02,18477131.25
2020-09-01,18476256.25
2020-08-31,18475156.25
2020-08-30,18474500.0
2020-08-29,18473406.25
2020-08-28,18472525.0
2020-08-27,18471643.75
2020-08-26,18470768.75
2020-08-25,18469887.5
2020-08-24,18469006.25
2020-08-23,18468131.25
2020-08-22,18467250.0
2020-08-21,18466156.25
2020-08-20,18465281.25
2020-08-19,18464400.0
2020-08-18,18463525.0
2020-08-17,18462868.75
2020-08-16,18461987.5
2020-08-15,18460887.5
2020-08-14,18459787.5
2020-08-13,18458912.5
2020-08-12,18458037.5
2020-08-11,18456943.75
2020-08-10,18456068.75
2020-08-09,18455193.75
2020-08-08,18454318.75
2020-08-07,18453437.5
2020-08-06,18452343.75
2020-08-05,18451468.75
2020-08-04,18450593.75
2020-08-03,18449718.75
2020-08-02,18448843.75
2020-08-01,18447968.75
2020-07-31,18446875.0
2020-07-30,18446000.0
2020-07-29,18445125.0
2020-07-28,18444250.0
2020-07-27,18443368.75
2020-07-26,18442268.75
2020-07-25,18441387.5
2020-07-24,18440512.5
2020-07-23,18439637.5
2020-07-22,18438762.5
2020-07-21,18437887.5
2020-07-20,18437012.5
2020-07-19,18436125.0
2020-07-18,18435468.75
2020-07-17,18434593.75
2020-07-16,18433718.75
2020-07-15,18433062.5
2020-07-14,18431962.5
2020-07-13,18431087.5
2020-07-12,18430212.5
2020-07-11,18429118.75
2020-07-10,18428237.5
2020-07-09,18427131.25
2020-07-08,18426256.25
2020-07-07,18425143.75
2020-07-06,18424268.75
2020-07-05,18423175.0
2020-07-04,18422300.0
2020-07-03,18421200.0
2020-07-02,18420325.0
2020-07-01,18419218.75
2020-06-30,18418343.75
2020-06-29,18417468.75
2020-06-28,18416375.0
2020-06-27,18415500.0
2020-06-26,18414612.5
2020-06-25,18413737.5
2020-06-24,18412862.5
2020-06-23,18411768.75
2020-06-22,18410881.25
2020-06-21,18410000.0
2020-06-20,18409125.0
2020-06-19,18408250.0
2020-06-18,18407593.75
2020-06-17,18406712.5
2020-06-16,18405606.25
2020-06-15,18404725.0
2020-06-14,18403843.75
2020-06-13,18402743.75
2020-06-12,18401868.75
2020-06-11,18400556.25
2020-06-10,18399681.25
2020-06-09,18398581.25
2020-06-08,18397481.25
2020-06-07,18396606.25
2020-06-06,18395275.0
2020-06-05,18394175.0
2020-06-04,18393300.0
2020-06-03,18392425.0
2020-06-02,18391543.75
2020-06-01,18390887.5
2020-05-31,18389793.75
2020-05-30,18388918.75
2020-05-29,18388037.5
2020-05-28,18387162.5
2020-05-27,18386487.5
2020-05-26,18385606.25
2020-05-25,18384731.25
2020-05-24,18384075.0
2020-05-23,18383418.75
2020-05-22,18382762.5
2020-05-21,18381887.5
2020-05-20,18381231.25
2020-05-19,18380337.5
2020-05-18,18379675.0
2020-05-17,18379018.75
2020-05-16,18378143.75
2020-05-15,18377487.5
2020-05-14,18376612.5
2020-05-13,18375950.0
2020-05-12,18375075.0
2020-05-11,18372937.5
2020-05-10,18371175.0
2020-05-09,18369425.0
2020-05-08,18367662.5
2020-05-07,18365912.5
2020-05-06,18363675.0
2020-05-05,18361925.0
2020-05-04,18359737.5
2020-05-03,18357975.0
2020-05-02,18355787.5
2020-05-01,18353975.0
2020-04-30,18352650.0
2020-04-29,18350875.0
2020-04-28,18348687.5
2020-04-27,18346925.0
2020-04-26,18345162.5
2020-04-25,18343412.5
2020-04-24,18341650.0
2020-04-23,18339900.0
2020-04-22,18338150.0
2020-04-21,18336362.5
2020-04-20,18334612.5
2020-04-19,18332425.0
2020-04-18,18330675.0
2020-04-17,18328912.5
2020-04-16,18327162.5
2020-04-15,18324975.0
2020-04-14,18322787.5
2020-04-13,18320587.5
2020-04-12,18318837.5
2020-04-11,18316637.5
2020-04-10,18314887.5
2020-04-09,18312700.0
2020-04-08,18310937.5
2020-04-07,18309187.5
2020-04-06,18307437.5
2020-04-05,18305250.0
2020-04-04,18303050.0
2020-04-03,18301737.5
2020-04-02,18299537.5
2020-04-01,18297787.5
2020-03-31,18295587.5
2020-03-30,18293837.5
2020-03-29,18292075.0
2020-03-28,18290300.0
2020-03-27,18288537.5
2020-03-26,18286350.0
2020-03-25,18285462.5
2020-03-24,18283712.5
2020-03-23,18282400.0
2020-03-22,18280650.0
2020-03-21,18278900.0
2020-03-20,18277575.0
2020-03-19,18276262.5
2020-03-18,18274950.0
2020-03-17,18273637.5
2020-03-16,18272312.5
2020-03-15,18270562.5
2020-03-14,18268800.0
2020-03-13,18267475.0
2020-03-12,18265700.0
2020-03-11,18263950.0
2020-03-10,18262637.5
2020-03-09,18260450.0
2020-03-08,18258687.5
2020-03-07,18256487.5
2020-03-06,18254725.0
2020-03-05,18252537.5
2020-03-04,18250762.5
2020-03-03,18248575.0
2020-03-02,18246812.5
2020-03-01,18244625.0
2020-02-29,18242875.0
2020-02-28,18240687.5
2020-02-27,18238937.5
2020-02-26,18237187.5
2020-02-25,18235412.5
2020-02-24,18233662.5
2020-02-23,18231912.5
2020-02-22,18230162.5
2020-02-21,18228412.5
2020-02-20,18226662.5
2020-02-19,18224900.0
2020-02-18,18223137.5
2020-02-17,18220925.0
2020-02-16,18219175.0
2020-02-15,18217425.0
2020-02-14,18215662.5
2020-02-13,18213912.5
2020-02-12,18212162.5
2020-02-11,18210400.0
2020-02-10,18209075.0
2020-02-09,18206875.0
2020-02-08,18205112.5
2020-02-07,18203350.0
2020-02-06,18202237.5
2020-02-05,18200037.5
2020-02-04,18198287.5
2020-02-03,18196500.0
2020-02-02,18194612.5
2020-02-01,18192812.5
2020-01-31,18190887.5
2020-01-30,18188862.5
2020-01-29,18187087.5
2020-01-28,18185037.5
2020-01-27,18183700.0
2020-01-26,18181637.5
2020-01-25,18179762.5
2020-01-24,18177750.0
2020-01-23,18175812.5
2020-01-22,18173850.0
2020-01-21,18172075.0
2020-01-20,18170125.0
2020-01-19,18168025.0
2020-01-18,18166475.0
2020-01-17,18164487.5
2020-01-16,18162600.0
2020-01-15,18160787.5
2020-01-14,18159000.0
2020-01-13,18157125.0
2020-01-12,18155087.5
2020-01-11,18153237.5
2020-01-10,18151250.0
2020-01-09,18149475.0
2020-01-08,18147712.5
2020-01-07,18145150.0
2020-01-06,18143562.5
2020-01-05,18141462.5
2020-01-04,18139362.5
2020-01-03,18137575.0
2020-01-02,18135412.5
2020-01-01,18133587.5
2019-12-31,18131512.5
2019-12-30,18129575.0
2019-12-29,18127712.5
2019-12-28,18125925.0
2019-12-27,18123850.0
2019-12-26,18121775.0
2019-12-25,18120212.5
2019-12-24,18118875.0
2019-12-23,18116750.0
2019-12-22,18114987.5
2019-12-21,18112600.0
2019-12-20,18110662.5
2019-12-19,18108537.5
2019-12-18,18107200.0
2019-12-17,18105250.0
2019-12-16,18103250.0
2019-12-15,18101812.5
2019-12-14,18099912.5
2019-12-13,18097800.0
2019-12-12,18096150.0
2019-12-11,18094737.5
2019-12-10,18092887.5
2019-12-09,18091037.5
2019-12-08,18089125.0
2019-12-07,18087287.5
2019-12-06,18085475.0
2019-12-05,18083400.0
2019-12-04,18081412.5
2019-12-03,18079600.0
2019-12-02,18077425.0
2019-12-01,18075850.0
2019-11-30,18074175.0
2019-11-29,18072575.0
2019-11-28,18070375.0
2019-11-27,18068850.0
2019-11-26,18067300.0
2019-11-25,18065650.0
2019-11-24,18063950.0
2019-11-23,18061850.0
2019-11-22,18060125.0
2019-11-21,18058800.0
2019-11-20,18056975.0
2019-11-19,18054762.5
2019-11-18,18053275.0
2019-11-17,18051425.0
2019-11-16,18049462.5
2019-11-15,18047350.0
2019-11-14,18045212.5
2019-11-13,18043525.0
2019-11-12,18042075.0
2019-11-11,18040012.5
2019-11-10,18038200.0
2019-11-09,18036162.5
2019-11-08,18034475.0
2019-11-07,18032825.0
2019-11-06,18031475.0
2019-11-05,18029387.5
2019-11-04,18027662.5
2019-11-03,18025975.0
2019-11-02,18024362.5
2019-11-01,18022700.0
2019-10-31,18021037.5
2019-10-30,18019362.5
2019-10-29,18017687.5
2019-10-28,18016250.0
2019-10-27,18014500.0
2019-10-26,18012775.0
2019-10-25,18011112.5
2019-10-24,18009475.0
2019-10-23,18007337.5
2019-10-22,18005362.5
2019-10-21,18003537.5
2019-10-20,18001762.5
2019-10-19,17999762.5
2019-10-18,17997912.5
2019-10-17,17996087.5
2019-10-16,17994187.5
2019-10-15,17992075.0
2019-10-14,17990725.0
2019-10-13,17988612.5
2019-10-12,17987125.0
2019-10-11,17985087.5
2019-10-10,17982912.5
2019-10-09,17981337.5
2019-10-08,17979387.5
2019-10-07,17977550.0
2019-10-06,17975562.5
2019-10-05,17973712.5
2019-10-04,17971875.0
2019-10-03,17970050.0
2019-10-02,17968237.5
2019-10-01,17966175.0
2019-09-30,17964475.0
2019-09-29,17962925.0
2019-09-28,17960850.0
2019-09-27,17959150.0
2019-09-26,17957212.5
2019-09-25,17955250.0
2019-09-24,17953362.5
2019-09-23,17951737.5
2019-09-22,17949650.0
2019-09-21,17947762.5
2019-09-20,17945937.5
2019-09-19,17943737.5
2019-09-18,17941887.5
2019-09-17,17939862.5
2019-09-16,17938025.0
2019-09-15,17936087.5
2019-09-14,17934200.0
2019-09-13,17932225.0
2019-09-12,17930387.5
2019-09-11,17928087.5
2019-09-10,17925825.0
2019-09-09,17924062.5
2019-09-08,17921750.0
2019-09-07,17919762.5
2019-09-06,17917712.5
2019-09-05,17915562.5
2019-09-04,17913962.5
2019-09-03,17912125.0
2019-09-02,17910300.0
2019-09-01,17908237.5
2019-08-31,17906237.5
2019-08-30,17904175.0
2019-08-29,17902275.0
2019-08-28,17900162.5
2019-08-27,17898437.5
2019-08-26,17896950.0
2019-08-25,17894950.0
2019-08-24,17893037.5
2019-08-23,17891262.5
2019-08-22,17889137.5
2019-08-21,17887662.5
2019-08-20,17885637.5
2019-08-19,17883600.0
2019-08-18,17882000.0
2019-08-17,17880637.5
2019-08-16,17878650.0
2019-08-15,17876750.0
2019-08-14,17874787.5
2019-08-13,17872687.5
2019-08-12,17871212.5
2019-08-11,17869312.5
2019-08-10,17867487.5
2019-08-09,17865712.5
2019-08-08,17863800.0
2019-08-07,17861775.0
2019-08-06,17859575.0
2019-08-05,17857912.5
2019-08-04,17855750.0
2019-08-03,17853625.0
2019-08-02,17851862.5
2019-08-01,17849712.5
2019-07-31,17847950.0
2019-07-30,17845850.0
2019-07-29,17843700.0
2019-07-28,17841750.0
2019-07-27,17839725.0
2019-07-26,17837862.5
2019-07-25,17835662.5
2019-07-24,17833887.5
2019-07-23,17832362.5
2019-07-22,17830487.5
2019-07-21,17828287.5
2019-07-20,17826350.0
2019-07-19,17824837.5
2019-07-18,17823175.0
2019-07-17,17821612.5
2019-07-16,17819775.0
2019-07-15,17817962.5
2019-07-14,17815750.0
2019-07-13,17814162.5
2019-07-12,17812100.0
2019-07-11,17810475.0
2019-07-10,17809012.5
2019-07-09,17806800.0
2019-07-08,17804862.5
2019-07-07,17802650.0
2019-07-06,17800725.0
2019-07-05,17798187.5
2019-07-04,17796050.0
2019-07-03,17794062.5
2019-07-02,17791825.0
2019-07-01,17790375.0
2019-06-30,17788212.5
2019-06-29,17786162.5
2019-06-28,17783937.5
2019-06-27,17782325.0
2019-06-26,17780500.0
2019-06-25,17778287.5
2019-06-24,17776025.0
2019-06-23,17773812.5
2019-06-22,17772150.0
2019-06-21,17770350.0
2019-06-20,17768587.5
2019-06-19,17766550.0
2019-06-18,17764450.0
2019-06-17,17762812.5
2019-06-16,17761437.5
2019-06-15,17759325.0
2019-06-14,17757437.5
2019-06-13,17755350.0
2019-06-12,17753562.5
2019-06-11,17752062.5
2019-06-10,17750225.0
2019-06-09,17748212.5
2019-06-08,17746712.5
2019-06-07,17744750.0
2019-06-06,17742725.0
2019-06-05,17740812.5
2019-06-04,17738862.5
2019-06-03,17737237.5
2019-06-02,17735787.5
2019-06-01,17733875.0
2019-05-31,17732325.0
2019-05-30,17730162.5
2019-05-29,17728125.0
2019-05-28,17726050.0
2019-05-27,17723950.0
2019-05-26,17721750.0
2019-05-25,17720287.5
2019-05-24,17718312.5
2019-05-23,17716237.5
2019-05-22,17714312.5
2019-05-21,17712300.0
2019-05-20,17710262.5
2019-05-19,17708350.0
2019-05-18,17706462.5
2019-05-17,17704650.0
2019-05-16,17702800.0
2019-05-15,17700875.0
2019-05-14,17698800.0
2019-05-13,17696862.5
2019-05-12,17694737.5
2019-05-11,17693187.5
2019-05-10,17691762.5
2019-05-09,17689850.0
2019-05-08,17687825.0
2019-05-07,17686375.0
2019-05-06,17684312.5
2019-05-05,17682687.5
2019-05-04,17681212.5
2019-05-03,17679387.5
2019-05-02,17676787.5
2019-05-01,17674587.5
2019-04-30,17673012.5
2019-04-29,17670950.0
2019-04-28,17668787.5
2019-04-27,17667350.0
2019-04-26,17665112.5
2019-04-25,17663550.0
2019-04-24,17661625.0
2019-04-23,17659962.5
2019-04-22,17658400.0
2019-04-21,17656300.0
2019-04-20,17654850.0
2019-04-19,17652987.5
2019-04-18,17650825.0
2019-04-17,17649437.5
2019-04-16,17647175.0
2019-04-15,17645650.0
2019-04-14,17643962.5
2019-04-13,17642525.0
2019-04-12,17640562.5
2019-04-11,17638712.5
2019-04-10,17636612.5
2019-04-09,17635225.0
2019-04-08,17633000.0
2019-04-07,17631262.5
2019-04-06,17629750.0
2019-04-05,17627562.5
2019-04-04,17625775.0
2019-04-03,17624262.5
2019-04-02,17622100.0
2019-04-01,17620362.5
2019-03-31,17618625.0
2019-03-30,17617250.0
2019-03-29,17615425.0
2019-03-28,17613562.5
2019-03-27,17611437.5
2019-03-26,17610037.5
2019-03-25,17608150.0
2019-03-24,17605900.0
2019-03-23,17604325.0
2019-03-22,17602087.5
2019-03-21,17600562.5
2019-03-20,17598362.5
2019-03-19,17596362.5
2019-03-18,17594512.5
2019-03-17,17592512.5
2019-03-16,17590587.5
2019-03-15,17588625.0
2019-03-14,17586487.5
2019-03-13,17584712.5
2019-03-12,17582925.0
2019-03-11,17581225.0
2019-03-10,17579525.0
2019-03-09,17578125.0
2019-03-08,17575900.0
2019-03-07,17574312.5
2019-03-06,17572887.5
2019-03-05,17570725.0
2019-03-04,17569350.0
2019-03-03,17567275.0
2019-03-02,17565675.0
2019-03-01,17563812.5
2019-02-28,17561587.5
2019-02-27,17560037.5
2019-02-26,17557787.5
2019-02-25,17556087.5
2019-02-24,17554287.5
2019-02-23,17552712.5
2019-02-22,17550787.5
2019-02-21,17549150.0
2019-02-20,17547650.0
2019-02-19,17545737.5
2019-02-18,17543725.0
2019-02-17,17541862.5
2019-02-16,17539812.5
2019-02-15,17538062.5
2019-02-14,17536587.5
2019-02-13,17534562.5
2019-02-12,17532737.5
2019-02-11,17530987.5
2019-02-10,17529550.0
2019-02-09,17527525.0
2019-02-08,17525337.5
2019-02-07,17523287.5
2019-02-06,17521462.5
2019-02-05,17519625.0
2019-02-04,17517450.0
2019-02-03,17515650.0
2019-02-02,17514112.5
2019-02-01,17512175.0
2019-01-31,17510025.0
2019-01-30,17508662.5
2019-01-29,17506837.5
2019-01-28,17504687.5
2019-01-27,17503262.5
2019-01-26,17501075.0
2019-01-25,17499512.5
2019-01-24,17497687.5
2019-01-23,17495600.0
2019-01-22,17494237.5
2019-01-21,17492362.5
2019-01-20,17490400.0
2019-01-19,17488737.5
2019-01-18,17487012.5
2019-01-17,17485425.0
2019-01-16,17483762.5
2019-01-15,17482112.5
2019-01-14,17480250.0
2019-01-13,17478537.5
2019-01-12,17476812.5
2019-01-11,17474962.5
2019-01-10,17473012.5
2019-01-09,17470962.5
2019-01-08,17468850.0
2019-01-07,17467087.5
2019-01-06,17465325.0
2019-01-05,17463287.5
2019-01-04,17461425.0
2019-01-03,17459487.5
2019-01-02,17457600.0
2019-01-01,17455737.5
2018-12-31,17453800.0
2018-12-30,17451600.0
2018-12-29,17449875.0
2018-12-28,17447787.5
2018-12-27,17445612.5
2018-12-26,17443650.0
2018-12-25,17441662.5
2018-12-24,17439762.5
2018-12-23,17437562.5
2018-12-22,17435375.0
2018-12-21,17433625.0
2018-12-20,17431937.5
2018-12-19,17430075.0
2018-12-18,17428475.0
2018-12-17,17426475.0
2018-12-16,17425037.5
2018-12-15,17423175.0
2018-12-14,17421350.0
2018-12-13,17419712.5
2018-12-12,17418212.5
2018-12-11,17416650.0
2018-12-10,17415100.0
2018-12-09,17413500.0
2018-12-08,17411912.5
2018-12-07,17410487.5
2018-12-06,17408800.0
2018-12-05,17407175.0
2018-12-04,17405450.0
2018-12-03,17404025.0
2018-12-02,17402600.0
2018-12-01,17401050.0
2018-11-30,17399787.5
2018-11-29,17398475.0
2018-11-28,17397000.0
2018-11-27,17395362.5
2018-11-26,17393975.0
2018-11-25,17392387.5
2018-11-24,17390600.0
2018-11-23,17389037.5
2018-11-22,17387512.5
2018-11-21,17386200.0
2018-11-20,17384550.0
2018-11-19,17382975.0
2018-11-18,17381437.5
2018-11-17,17379625.0
2018-11-16,17378050.0
2018-11-15,17376462.5
2018-11-14,17374775.0
2018-11-13,17373275.0
2018-11-12,17371525.0
2018-11-11,17369700.0
2018-11-10,17368062.5
2018-11-09,17366475.0
2018-11-08,17364962.5
2018-11-07,17363337.5
2018-11-06,17361737.5
2018-11-05,17359937.5
2018-11-04,17358400.0
2018-11-03,17356387.5
2018-11-02,17354600.0
2018-11-01,17352675.0
2018-10-31,17350637.5
2018-10-30,17348712.5
2018-10-29,17346887.5
2018-10-28,17345137.5
2018-10-27,17343437.5
2018-10-26,17341650.0
2018-10-25,17339937.5
2018-10-24,17338525.0
2018-10-23,17336600.0
2018-10-22,17334662.5
2018-10-21,17332937.5
2018-10-20,17331150.0
2018-10-19,17329375.0
2018-10-18,17327650.0
2018-10-17,17325925.0
2018-10-16,17324237.5
2018-10-15,17322212.5
2018-10-14,17320787.5
2018-10-13,17319025.0
2018-10-12,17317375.0
2018-10-11,17315387.5
2018-10-10,17313587.5
2018-10-09,17311962.5
2018-10-08,17310275.0
2018-10-07,17308500.0
2018-10-06,17306937.5
2018-10-05,17305312.5
2018-10-04,17303437.5
2018-10-03,17301625.0
2018-10-02,17299912.5
2018-10-01,17297937.5
2018-09-30,17295900.0
2018-09-29,17294000.0
2018-09-28,17292075.0
2018-09-27,17290287.5
2018-09-26,17288550.0
2018-09-25,17286437.5
2018-09-24,17284587.5
2018-09-23,17282712.5
2018-09-22,17280775.0
2018-09-21,17278975.0
2018-09-20,17277050.0
2018-09-19,17275100.0
2018-09-18,17273325.0
2018-09-17,17271637.5
2018-09-16,17269900.0
2018-09-15,17268150.0
2018-09-14,17266500.0
2018-09-13,17264650.0
2018-09-12,17262550.0
2018-09-11,17260787.5
2018-09-10,17259100.0
2018-09-09,17257062.5
2018-09-08,17255187.5
2018-09-07,17253287.5
2018-09-06,17251412.5
2018-09-05,17249762.5
2018-09-04,17248187.5
2018-09-03,17246387.5
2018-09-02,17244587.5
2018-09-01,17242700.0
2018-08-31,17240762.5
2018-08-30,17238837.5
2018-08-29,17237100.0
2018-08-28,17235187.5
2018-08-27,17232875.0
2018-08-26,17230712.5
2018-08-25,17229025.0
2018-08-24,17227200.0
2018-08-23,17225337.5
2018-08-22,17223337.5
2018-08-21,17221487.5
2018-08-20,17219612.5
2018-08-19,17217800.0
2018-08-18,17215800.0
2018-08-17,17213900.0
2018-08-16,17211925.0
2018-08-15,17209912.5
2018-08-14,17208212.5
2018-08-13,17206337.5
2018-08-12,17204400.0
2018-08-11,17202275.0
2018-08-10,17200075.0
2018-08-09,17198212.5
2018-08-08,17196237.5
2018-08-07,17194350.0
2018-08-06,17192712.5
2018-08-05,17190712.5
2018-08-04,17188512.5
2018-08-03,17186437.5
2018-08-02,17184525.0
2018-08-01,17182650.0
2018-07-31,17180812.5
2018-07-30,17179137.5
2018-07-29,17177012.5
2018-07-28,17175200.0
2018-07-27,17173112.5
2018-07-26,17171050.0
2018-07-25,17168837.5
2018-07-24,17166850.0
2018-07-23,17164775.0
2018-07-22,17162500.0
2018-07-21,17160787.5
2018-07-20,17158862.5
2018-07-19,17156725.0
2018-07-18,17154550.0
2018-07-17,17152562.5
2018-07-16,17151062.5
2018-07-15,17149400.0
2018-07-14,17147737.5
2018-07-13,17145950.0
2018-07-12,17144187.5
2018-07-11,17142500.0
2018-07-10,17140637.5
2018-07-09,17138937.5
2018-07-08,17136962.5
2018-07-07,17135012.5
2018-07-06,17133012.5
2018-07-05,17131300.0
2018-07-04,17129625.0
2018-07-03,17128175.0
2018-07-02,17126412.5
2018-07-01,17124575.0
2018-06-30,17122812.5
2018-06-29,17120925.0
2018-06-28,17118962.5
2018-06-27,17117450.0
2018-06-26,17115625.0
2018-06-25,17113662.5
2018-06-24,17111525.0
2018-06-23,17109525.0
2018-06-22,17107637.5
2018-06-21,17105512.5
2018-06-20,17103575.0
2018-06-19,17101637.5
2018-06-18,17099587.5
2018-06-17,17097625.0
2018-06-16,17095550.0
2018-06-15,17093637.5
2018-06-14,17091725.0
2018-06-13,17089937.5
2018-06-12,17088125.0
2018-06-11,17086375.0
2018-06-10,17084787.5
2018-06-09,17083000.0
2018-06-08,17081187.5
2018-06-07,17079400.0
2018-06-06,17077562.5
2018-06-05,17075375.0
2018-06-04,17073087.5
2018-06-03,17071050.0
2018-06-02,17069150.0
2018-06-01,17067075.0
2018-05-31,17064950.0
2018-05-30,17062775.0
2018-05-29,17061037.5
2018-05-28,17059087.5
2018-05-27,17057037.5
2018-05-26,17055012.5
2018-05-25,17052812.5
2018-05-24,17051025.0
2018-05-23,17049000.0
2018-05-22,17047112.5
2018-05-21,17045150.0
2018-05-20,17043350.0
2018-05-19,17041425.0
2018-05-18,17039575.0
2018-05-17,17037925.0
2018-05-16,17035687.5
2018-05-15,17033862.5
2018-05-14,17032212.5
2018-05-13,17030362.5
2018-05-12,17028300.0
2018-05-11,17026712.5
2018-05-10,17024787.5
2018-05-09,17022787.5
2018-05-08,17021050.0
2018-05-07,17019175.0
2018-05-06,17017462.5
2018-05-05,17015450.0
2018-05-04,17013725.0
2018-05-03,17011837.5
2018-05-02,17010087.5
2018-05-01,17008112.5
2018-04-30,17006175.0
2018-04-29,17004200.0
2018-04-28,17002600.0
2018-04-27,17000825.0
2018-04-26,16999062.5
2018-04-25,16997525.0
2018-04-24,16995537.5
2018-04-23,16993625.0
2018-04-22,16991625.0
2018-04-21,16989637.5
2018-04-20,16987925.0
2018-04-19,16985700.0
2018-04-18,16983700.0
2018-04-17,16981675.0
2018-04-16,16979912.5
2018-04-15,16977875.0
2018-04-14,16976162.5
2018-04-13,16974100.0
2018-04-12,16972175.0
2018-04-11,16970162.5
2018-04-10,16968112.5
2018-04-09,16966275.0
2018-04-08,16964262.5
2018-04-07,16962012.5
2018-04-06,16960287.5
2018-04-05,16958337.5
2018-04-04,16956500.0
2018-04-03,16954462.5
2018-04-02,16952512.5
2018-04-01,16950487.5
2018-03-31,16948887.5
2018-03-30,16946862.5
2018-03-29,16944962.5
2018-03-28,16943275.0
2018-03-27,16941375.0
2018-03-26,16939500.0
2018-03-25,16937812.5
2018-03-24,16935862.5
2018-03-23,16934200.0
2018-03-22,16932412.5
2018-03-21,16930512.5
2018-03-20,16928925.0
2018-03-19,16926987.5
2018-03-18,16925100.0
2018-03-17,16923237.5
2018-03-16,16921287.5
2018-03-15,16919487.5
2018-03-14,16917687.5
2018-03-13,16915712.5
2018-03-12,16913700.0
2018-03-11,16911787.5
2018-03-10,16910037.5
2018-03-09,16908212.5
2018-03-08,16906187.5
2018-03-07,16904225.0
2018-03-06,16902275.0
2018-03-05,16900412.5
2018-03-04,16898562.5
2018-03-03,16896312.5
2018-03-02,16894362.5
2018-03-01,16892300.0
2018-02-28,16890362.5
2018-02-27,16888362.5
2018-02-26,16886600.0
2018-02-25,16884462.5
2018-02-24,16882650.0
2018-02-23,16880800.0
2018-02-22,16878937.5
2018-02-21,16876825.0
2018-02-20,16875062.5
2018-02-19,16873037.5
2018-02-18,16871012.5
2018-02-17,16869150.0
2018-02-16,16867187.5
2018-02-15,16865550.0
2018-02-14,16863312.5
2018-02-13,16861262.5
2018-02-12,16859187.5
2018-02-11,16857300.0
2018-02-10,16855512.5
2018-02-09,16853825.0
2018-02-08,16852187.5
2018-02-07,16850425.0
2018-02-06,16848300.0
2018-02-05,16845987.5
2018-02-04,16843762.5
2018-02-03,16841787.5
2018-02-02,16839687.5
2018-02-01,16837687.5
2018-01-31,16836225.0
2018-01-30,16834137.5
2018-01-29,16832287.5
2018-01-28,16830312.5
2018-01-27,16828350.0
2018-01-26,16826412.5
2018-01-25,16824437.5
2018-01-24,16822237.5
2018-01-23,16820025.0
2018-01-22,16817937.5
2018-01-21,16815600.0
2018-01-20,16813375.0
2018-01-19,16811312.5
2018-01-18,16809150.0
2018-01-17,16807062.5
2018-01-16,16805075.0
2018-01-15,16803200.0
2018-01-14,16801262.5
2018-01-13,16799400.0
2018-01-12,16797175.0
2018-01-11,16794762.5
2018-01-10,16792687.5
2018-01-09,16790637.5
2018-01-08,16788562.5
2018-01-07,16786537.5
2018-01-06,16784437.5
2018-01-05,16782650.0
2018-01-04,16780550.0
2018-01-03,16778587.5
2018-01-02,16776450.0
2018-01-01,16774500.0
2017-12-31,16772462.5
2017-12-30,16770625.0
2017-12-29,16768562.5
2017-12-28,16766700.0
2017-12-27,16764750.0
2017-12-26,16762975.0
2017-12-25,16761287.5
2017-12-24,16759387.5
2017-12-23,16757650.0
2017-12-22,16755712.5
2017-12-21,16754062.5
2017-12-20,16752362.5
2017-12-19,16750612.5
2017-12-18,16748337.5
2017-12-17,16746025.0
2017-12-16,16743887.5
2017-12-15,16741775.0
2017-12-14,16739462.5
2017-12-13,16737137.5
2017-12-12,16735187.5
2017-12-11,16733050.0
2017-12-10,16731000.0
2017-12-09,16728825.0
2017-12-08,16726862.5
2017-12-07,16724975.0
2017-12-06,16722625.0
2017-12-05,16720400.0
2017-12-04,16718137.5
2017-12-03,16715937.5
2017-12-02,16713925.0
2017-12-01,16711637.5
2017-11-30,16709550.0
2017-11-29,16707387.5
2017-11-28,16705437.5
2017-11-27,16703312.5
2017-11-26,16701400.0
2017-11-25,16699450.0
2017-11-24,16697587.5
2017-11-23,16695312.5
2017-11-22,16693775.0
2017-11-21,16691612.5
2017-11-20,16689425.0
2017-11-19,16687425.0
2017-11-18,16685725.0
2017-11-17,16683637.5
2017-11-16,16681737.5
2017-11-15,16679837.5
2017-11-14,16678237.5
2017-11-13,16676487.5
2017-11-12,16675487.5
2017-11-11,16674487.5
2017-11-10,16672987.5
2017-11-09,16671075.0
2017-11-08,16669275.0
2017-11-07,16667325.0
2017-11-06,16665662.5
2017-11-05,16663900.0
2017-11-04,16662275.0
2017-11-03,16660787.5
2017-11-02,16658325.0
2017-11-01,16656962.5
2017-10-31,16655237.5
2017-10-30,16653400.0
2017-10-29,16651475.0
2017-10-28,16650412.5
2017-10-27,16649112.5
2017-10-26,16646862.5
2017-10-25,16644550.0
2017-10-24,16642462.5
2017-10-23,16640325.0
2017-10-22,16638050.0
2017-10-21,16636137.5
2017-10-20,16633900.0
2017-10-19,16631675.0
2017-10-18,16629787.5
2017-10-17,16627737.5
2017-10-16,16625562.5
2017-10-15,16623125.0
2017-10-14,16621362.5
2017-10-13,16619662.5
2017-10-12,16617750.0
2017-10-11,16616012.5
2017-10-10,16614012.5
2017-10-09,16612000.0
2017-10-08,16609725.0
2017-10-07,16607750.0
2017-10-06,16605762.5
2017-10-05,16604200.0
2017-10-04,16602525.0
2017-10-03,16600237.5
2017-10-02,16598362.5
2017-10-01,16596737.5
2017-09-30,16595012.5
2017-09-29,16592900.0
2017-09-28,16590687.5
2017-09-27,16588850.0
2017-09-26,16587125.0
2017-09-25,16585562.5
2017-09-24,16583750.0
2017-09-23,16581675.0
2017-09-22,16579937.5
2017-09-21,16577737.5
2017-09-20,16576275.0
2017-09-19,16574325.0
2017-09-18,16572737.5
2017-09-17,16570537.5
2017-09-16,16568425.0
2017-09-15,16566175.0
2017-09-14,16564000.0
2017-09-13,16561625.0
2017-09-12,16559275.0
2017-09-11,16557100.0
2017-09-10,16555375.0
2017-09-09,16553262.5
2017-09-08,16551075.0
2017-09-07,16548875.0
2017-09-06,16546850.0
2017-09-05,16544387.5
2017-09-04,16542200.0
2017-09-03,16540275.0
2017-09-02,16538225.0
2017-09-01,16536050.0
2017-08-31,16534012.5
2017-08-30,16531912.5
2017-08-29,16530050.0
2017-08-28,16528437.5
2017-08-27,16526500.0
2017-08-26,16525187.5
2017-08-25,16523925.0
2017-08-24,16522662.5
2017-08-23,16520675.0
2017-08-22,16519562.5
2017-08-21,16518125.0
2017-08-20,16516500.0
2017-08-19,16514612.5
2017-08-18,16512750.0
2017-08-17,16510512.5
2017-08-16,16508887.5
2017-08-15,16506987.5
2017-08-14,16505362.5
2017-08-13,16503512.5
2017-08-12,16501825.0
2017-08-11,16500025.0
2017-08-10,16498350.0
2017-08-09,16496625.0
2017-08-08,16494575.0
2017-08-07,16492662.5
2017-08-06,16490912.5
2017-08-05,16488700.0
2017-08-04,16486462.5
2017-08-03,16484737.5
2017-08-02,16482837.5
2017-08-01,16480975.0
2017-07-31,16479162.5
2017-07-30,16477325.0
2017-07-29,16475362.5
2017-07-28,16473487.5
2017-07-27,16471562.5
2017-07-26,16469725.0
2017-07-25,16467875.0
2017-07-24,16465650.0
2017-07-23,16463500.0
2017-07-22,16461500.0
2017-07-21,16459575.0
2017-07-20,16457550.0
2017-07-19,16455687.5
2017-07-18,16453625.0
2017-07-17,16451775.0
2017-07-16,16449737.5
2017-07-15,16448150.0
2017-07-14,16446412.5
2017-07-13,16444450.0
2017-07-12,16442237.5
2017-07-11,16440075.0
2017-07-10,16437612.5
2017-07-09,16435887.5
2017-07-08,16433825.0
2017-07-07,16431975.0
2017-07-06,16430200.0
2017-07-05,16428337.5
2017-07-04,16426425.0
2017-07-03,16426425.0
2017-07-02,16424300.0
2017-07-01,16419900.0
2017-06-30,16417975.0
2017-06-29,16416475.0
2017-06-28,16414512.5
2017-06-27,16412875.0
2017-06-26,16411100.0
2017-06-25,16409575.0
2017-06-24,16407750.0
2017-06-23,16405750.0
2017-06-22,16404012.5
2017-06-21,16402262.5
2017-06-20,16400537.5
2017-06-19,16398650.0
2017-06-18,16396837.5
2017-06-17,16395025.0
2017-06-16,16393175.0
2017-06-15,16391262.5
2017-06-14,16389512.5
2017-06-13,16387750.0
2017-06-12,16385912.5
2017-06-11,16384087.5
2017-06-10,16382325.0
2017-06-09,16380437.5
2017-06-08,16378375.0
2017-06-07,16376312.5
2017-06-06,16374425.0
2017-06-05,16372375.0
2017-06-04,16370362.5
2017-06-03,16367962.5
2017-06-02,16366137.5
2017-06-01,16364012.5
2017-05-31,16361962.5
2017-05-30,16359725.0
2017-05-29,16357837.5
2017-05-28,16355775.0
2017-05-27,16353675.0
2017-05-26,16351762.5
2017-05-25,16349725.0
2017-05-24,16347800.0
2017-05-23,16345700.0
2017-05-22,16343875.0
2017-05-21,16342037.5
2017-05-20,16339975.0
2017-05-19,16337925.0
2017-05-18,16336150.0
2017-05-17,16334212.5
2017-05-16,16332562.5
2017-05-15,16330437.5
2017-05-14,16328387.5
2017-05-13,16326412.5
2017-05-12,16324487.5
2017-05-11,16322800.0
2017-05-10,16320950.0
2017-05-09,16319012.5
2017-05-08,16316762.5
2017-05-07,16314675.0
2017-05-06,16312575.0
2017-05-05,16310962.5
2017-05-04,16308862.5
2017-05-03,16307212.5
2017-05-02,16305237.5
2017-05-01,16303362.5
2017-04-30,16301475.0
2017-04-29,16299312.5
2017-04-28,16297612.5
2017-04-27,16295775.0
2017-04-26,16293862.5
2017-04-25,16292012.5
2017-04-24,16290462.5
2017-04-23,16288550.0
2017-04-22,16286737.5
2017-04-21,16284650.0
2017-04-20,16282925.0
2017-04-19,16281137.5
2017-04-18,16279312.5
2017-04-17,16277587.5
2017-04-16,16275762.5
2017-04-15,16273887.5
2017-04-14,16272150.0
2017-04-13,16270562.5
2017-04-12,16268787.5
2017-04-11,16266700.0
2017-04-10,16264862.5
2017-04-09,16262875.0
2017-04-08,16261162.5
2017-04-07,16259137.5
2017-04-06,16257300.0
2017-04-05,16255275.0
2017-04-04,16253712.5
2017-04-03,16251512.5
2017-04-02,16249537.5
2017-04-01,16247887.5
2017-03-31,16246200.0
2017-03-30,16244150.0
2017-03-29,16242425.0
2017-03-28,16240487.5
2017-03-27,16238837.5
2017-03-26,16236762.5
2017-03-25,16235100.0
2017-03-24,16232900.0
2017-03-23,16231050.0
2017-03-22,16229062.5
2017-03-21,16227287.5
2017-03-20,16225587.5
2017-03-19,16223525.0
2017-03-18,16221562.5
2017-03-17,16219637.5
2017-03-16,16217725.0
2017-03-15,16215950.0
2017-03-14,16214000.0
2017-03-13,16212187.5
2017-03-12,16210250.0
2017-03-11,16208387.5
2017-03-10,16206437.5
2017-03-09,16204587.5
2017-03-08,16202812.5
2017-03-07,16200900.0
2017-03-06,16199125.0
2017-03-05,16197287.5
2017-03-04,16195637.5
2017-03-03,16193750.0
2017-03-02,16191787.5
2017-03-01,16189987.5
2017-02-28,16188075.0
2017-02-27,16186275.0
2017-02-26,16184050.0
2017-02-25,16181962.5
2017-02-24,16179925.0
2017-02-23,16178050.0
2017-02-22,16176325.0
2017-02-21,16174600.0
2017-02-20,16172750.0
2017-02-19,16171075.0
2017-02-18,16169187.5
2017-02-17,16167300.0
2017-02-16,16165412.5
2017-02-15,16163675.0
2017-02-14,16161562.5
2017-02-13,16159525.0
2017-02-12,16157775.0
2017-02-11,16156037.5
2017-02-10,16154200.0
2017-02-09,16152087.5
2017-02-08,16150262.5
2017-02-07,16148375.0
2017-02-06,16146812.5
2017-02-05,16144825.0
2017-02-04,16143025.0
2017-02-03,16141162.5
2017-02-02,16139200.0
2017-02-01,16136800.0
2017-01-31,16134987.5
2017-01-30,16133187.5
2017-01-29,16131100.0
2017-01-28,16129200.0
2017-01-27,16127075.0
2017-01-26,16125137.5
2017-01-25,16123275.0
2017-01-24,16121412.5
2017-01-23,16119687.5
2017-01-22,16117512.5
2017-01-21,16115250.0
2017-01-20,16112887.5
2017-01-19,16110712.5
2017-01-18,16108837.5
2017-01-17,16106862.5
2017-01-16,16104750.0
2017-01-15,16102662.5
2017-01-14,16100512.5
2017-01-13,16098637.5
2017-01-12,16096487.5
2017-01-11,16094575.0
2017-01-10,16092575.0
2017-01-09,16090875.0
2017-01-08,16088787.5
2017-01-07,16087062.5
2017-01-06,16085050.0
2017-01-05,16083300.0
2017-01-04,16081387.5
2017-01-03,16079337.5
2017-01-02,16077350.0
2017-01-01,16075400.0
2016-12-31,16073550.0
2016-12-30,16071587.5
2016-12-29,16069712.5
2016-12-28,16067662.5
2016-12-27,16065712.5
2016-12-26,16063937.5
2016-12-25,16061875.0
2016-12-24,16060162.5
2016-12-23,16058262.5
2016-12-22,16056275.0
2016-12-21,16054287.5
2016-12-20,16052562.5
2016-12-19,16050675.0
2016-12-18,16048912.5
2016-12-17,16047112.5
2016-12-16,16045450.0
2016-12-15,16043862.5
2016-12-14,16042125.0
2016-12-13,16039900.0
2016-12-12,16039900.0
2016-12-11,16035612.5
2016-12-10,16033962.5
2016-12-09,16032275.0
2016-12-08,16030312.5
2016-12-07,16028137.5
2016-12-06,16026262.5
2016-12-05,16024362.5
2016-12-04,16022512.5
2016-12-03,16020362.5
2016-12-02,16018575.0
2016-12-01,16016750.0
2016-11-30,16014975.0
2016-11-29,16013112.5
2016-11-28,16011062.5
2016-11-27,16009262.5
2016-11-26,16007350.0
2016-11-25,16005450.0
2016-11-24,16003425.0
2016-11-23,16001587.5
2016-11-22,15999912.5
2016-11-21,15998175.0
2016-11-20,15996575.0
2016-11-19,15994800.0
2016-11-18,15992950.0
2016-11-17,15990962.5
2016-11-16,15988825.0
2016-11-15,15986875.0
2016-11-14,15984725.0
2016-11-13,15982950.0
2016-11-12,15980850.0
2016-11-11,15978812.5
2016-11-10,15976712.5
2016-11-09,15974875.0
2016-11-08,15972762.5
2016-11-07,15970937.5
2016-11-06,15969025.0
2016-11-05,15967187.5
2016-11-04,15965737.5
2016-11-03,15963800.0
2016-11-02,15962137.5
2016-11-01,15960337.5
2016-10-31,15958500.0
2016-10-30,15956400.0
2016-10-29,15954537.5
2016-10-28,15952637.5
2016-10-27,15950612.5
2016-10-26,15948887.5
2016-10-25,15947150.0
2016-10-24,15945362.5
2016-10-23,15943562.5
2016-10-22,15941700.0
2016-10-21,15939650.0
2016-10-20,15937975.0
2016-10-19,15936412.5
2016-10-18,15934475.0
2016-10-17,15932912.5
2016-10-16,15931287.5
2016-10-15,15929512.5
2016-10-14,15927812.5
2016-10-13,15926212.5
2016-10-12,15924412.5
2016-10-11,15922675.0
2016-10-10,15921125.0
2016-10-09,15919125.0
2016-10-08,15917012.5
2016-10-07,15915225.0
2016-10-06,15913212.5
2016-10-05,15911125.0
2016-10-04,15909150.0
2016-10-03,15907262.5
2016-10-02,15905500.0
2016-10-01,15903537.5
2016-09-30,15901762.5
2016-09-29,15899975.0
2016-09-28,15898125.0
2016-09-27,15896037.5
2016-09-26,15894125.0
2016-09-25,15891812.5
2016-09-24,15889737.5
2016-09-23,15888037.5
2016-09-22,15886275.0
2016-09-21,15884200.0
2016-09-20,15882312.5
2016-09-19,15880650.0
2016-09-18,15878837.5
2016-09-17,15876800.0
2016-09-16,15875062.5
2016-09-15,15873137.5
2016-09-14,15871187.5
2016-09-13,15869125.0
2016-09-12,15867087.5
2016-09-11,15865037.5
2016-09-10,15863100.0
2016-09-09,15861325.0
2016-09-08,15859525.0
2016-09-07,15857625.0
2016-09-06,15855925.0
2016-09-05,15854175.0
2016-09-04,15851937.5
2016-09-03,15850362.5
2016-09-02,15848450.0
2016-09-01,15846700.0
2016-08-31,15845025.0
2016-08-30,15842975.0
2016-08-29,15841112.5
2016-08-28,15839212.5
2016-08-27,15837412.5
2016-08-26,15835762.5
2016-08-25,15834137.5
2016-08-24,15832237.5
2016-08-23,15830400.0
2016-08-22,15828425.0
2016-08-21,15826387.5
2016-08-20,15824450.0
2016-08-19,15822525.0
2016-08-18,15820600.0
2016-08-17,15819062.5
2016-08-16,15817375.0
2016-08-15,15815550.0
2016-08-14,15813512.5
2016-08-13,15811475.0
2016-08-12,15809612.5
2016-08-11,15807737.5
2016-08-10,15805850.0
2016-08-09,15804300.0
2016-08-08,15802450.0
2016-08-07,15800600.0
2016-08-06,15798525.0
2016-08-05,15796412.5
2016-08-04,15794500.0
2016-08-03,15792425.0
2016-08-02,15790500.0
2016-08-01,15788587.5
2016-07-31,15786662.5
2016-07-30,15785175.0
2016-07-29,15783337.5
2016-07-28,15781637.5
2016-07-27,15780037.5
2016-07-26,15778425.0
2016-07-25,15776787.5
2016-07-24,15775237.5
2016-07-23,15773600.0
2016-07-22,15771987.5
2016-07-21,15770325.0
2016-07-20,15768450.0
2016-07-19,15766850.0
2016-07-18,15765000.0
2016-07-17,15763137.5
2016-07-16,15761175.0
2016-07-15,15759487.5
2016-07-14,15757725.0
2016-07-13,15756112.5
2016-07-12,15754325.0
2016-07-11,15752537.5
2016-07-10,15750587.5
2016-07-09,15747450.0
2016-07-08,15743825.0
2016-07-07,15740400.0
2016-07-06,15736900.0
2016-07-05,15733275.0
2016-07-04,15729500.0
2016-07-03,15725650.0
2016-07-02,15721925.0
2016-07-01,15718050.0
2016-06-30,15714300.0
2016-06-29,15710650.0
2016-06-28,15706950.0
2016-06-27,15703275.0
2016-06-26,15699625.0
2016-06-25,15695575.0
2016-06-24,15692350.0
2016-06-23,15688850.0
2016-06-22,15685625.0
2016-06-21,15681900.0
2016-06-20,15677800.0
2016-06-19,15673375.0
2016-06-18,15669425.0
2016-06-17,15665700.0
2016-06-16,15661975.0
2016-06-15,15658175.0
2016-06-14,15654875.0
2016-06-13,15650850.0
2016-06-12,15647200.0
2016-06-11,15643300.0
2016-06-10,15639700.0
2016-06-09,15635575.0
2016-06-08,15631975.0
2016-06-07,15628475.0
2016-06-06,15624225.0
2016-06-05,15619975.0
2016-06-04,15617000.0
2016-06-03,15613450.0
2016-06-02,15610000.0
2016-06-01,15606425.0
2016-05-31,15603250.0
2016-05-30,15599650.0
2016-05-29,15595975.0
2016-05-28,15592650.0
2016-05-27,15589175.0
2016-05-26,15585800.0
2016-05-25,15582350.0
2016-05-24,15578675.0
2016-05-23,15574175.0
2016-05-22,15569575.0
2016-05-21,15566050.0
2016-05-20,15562325.0
2016-05-19,15559325.0
2016-05-18,15555500.0
2016-05-17,15551975.0
2016-05-16,15548450.0
2016-05-15,15544975.0
2016-05-14,15541375.0
2016-05-13,15537575.0
2016-05-12,15534100.0
2016-05-11,15530775.0
2016-05-10,15526825.0
2016-05-09,15522500.0
2016-05-08,15518350.0
2016-05-07,15514600.0
2016-05-06,15510550.0
2016-05-05,15506675.0
2016-05-04,15502500.0
2016-05-03,15498725.0
2016-05-02,15494800.0
2016-05-01,15490925.0
2016-04-30,15487275.0
2016-04-29,15483325.0
2016-04-28,15479950.0
2016-04-27,15476725.0
2016-04-26,15472950.0
2016-04-25,15469775.0
2016-04-24,15466475.0
2016-04-23,15462875.0
2016-04-22,15459300.0
2016-04-21,15455525.0
2016-04-20,15450475.0
2016-04-19,15446725.0
2016-04-18,15443350.0
2016-04-17,15439525.0
2016-04-16,15435950.0
2016-04-15,15432325.0
2016-04-14,15428200.0
2016-04-13,15424275.0
2016-04-12,15420475.0
2016-04-11,15416700.0
2016-04-10,15412350.0
2016-04-09,15408300.0
2016-04-08,15404775.0
2016-04-07,15401125.0
2016-04-06,15397250.0
2016-04-05,15393525.0
2016-04-04,15389425.0
2016-04-03,15385750.0
2016-04-02,15382000.0
2016-04-01,15378575.0
2016-03-31,15375450.0
2016-03-30,15371475.0
2016-03-29,15367225.0
2016-03-28,15363675.0
2016-03-27,15359850.0
2016-03-26,15356175.0
2016-03-25,15352550.0
2016-03-24,15348775.0
2016-03-23,15345000.0
2016-03-22,15341275.0
2016-03-21,15338125.0
2016-03-20,15334350.0
2016-03-19,15330975.0
2016-03-18,15327525.0
2016-03-17,15324150.0
2016-03-16,15319900.0
2016-03-15,15319900.0
2016-03-14,15316100.0
2016-03-13,15312325.0
2016-03-12,15305425.0
2016-03-11,15301350.0
2016-03-10,15297325.0
2016-03-09,15293200.0
2016-03-08,15289850.0
2016-03-07,15285975.0
2016-03-06,15282500.0
2016-03-05,15278525.0
2016-03-04,15274725.0
2016-03-03,15271400.0
2016-03-02,15267475.0
2016-03-01,15264275.0
2016-02-29,15260900.0
2016-02-28,15257175.0
2016-02-27,15253900.0
2016-02-26,15250150.0
2016-02-25,15246525.0
2016-02-24,15243450.0
2016-02-23,15240075.0
2016-02-22,15236825.0
2016-02-21,15233675.0
2016-02-20,15229725.0
2016-02-19,15226250.0
2016-02-18,15221750.0
2016-02-17,15218250.0
2016-02-16,15214525.0
2016-02-15,15210825.0
2016-02-14,15206325.0
2016-02-13,15202500.0
2016-02-12,15198525.0
2016-02-11,15193725.0
2016-02-10,15189500.0
2016-02-09,15185275.0
2016-02-08,15181250.0
2016-02-07,15176700.0
2016-02-06,15171925.0
2016-02-05,15167425.0
2016-02-04,15162800.0
2016-02-03,15158450.0
2016-02-02,15154350.0
2016-02-01,15149950.0
2016-01-31,15145475.0
2016-01-30,15141050.0
2016-01-29,15136800.0
2016-01-28,15133100.0
2016-01-27,15129250.0
2016-01-26,15125150.0
2016-01-25,15120825.0
2016-01-24,15116675.0
2016-01-23,15112200.0
2016-01-22,15108075.0
2016-01-21,15104725.0
2016-01-20,15101075.0
2016-01-19,15097350.0
2016-01-18,15092975.0
2016-01-17,15089500.0
2016-01-16,15086025.0
2016-01-15,15082950.0
2016-01-14,15079650.0
2016-01-13,15075825.0
2016-01-12,15071425.0
2016-01-11,15067175.0
2016-01-10,15062925.0
2016-01-09,15058950.0
2016-01-08,15054575.0
2016-01-07,15050975.0
2016-01-06,15047575.0
2016-01-05,15043500.0
2016-01-04,15039125.0
2016-01-03,15035400.0
2016-01-02,15031975.0
2016-01-01,15028600.0
2015-12-31,15025000.0
2015-12-30,15020675.0
2015-12-29,15016875.0
2015-12-28,15012850.0
2015-12-27,15007975.0
2015-12-26,15003325.0
2015-12-25,14999975.0
2015-12-24,14996250.0
2015-12-23,14992125.0
2015-12-22,14988600.0
2015-12-21,14984750.0
2015-12-20,14980525.0
2015-12-19,14976650.0
2015-12-18,14972650.0
2015-12-17,14968675.0
2015-12-16,14964475.0
2015-12-15,14959650.0
2015-12-14,14955250.0
2015-12-13,14951525.0
2015-12-12,14947350.0
2015-12-11,14942975.0
2015-12-10,14938075.0
2015-12-09,14933650.0
2015-12-08,14929675.0
2015-12-07,14925900.0
2015-12-06,14925900.0
2015-12-05,14921600.0
2015-12-04,14913750.0
2015-12-03,14910150.0
2015-12-02,14906475.0
2015-12-01,14901675.0
2015-11-30,14897925.0
2015-11-29,14894000.0
2015-11-28,14890350.0
2015-11-27,14886625.0
2015-11-26,14882575.0
2015-11-25,14878725.0
2015-11-24,14874925.0
2015-11-23,14870925.0
2015-11-22,14866575.0
2015-11-21,14862125.0
2015-11-20,14858150.0
2015-11-19,14854650.0
2015-11-18,14851150.0
2015-11-17,14847125.0
2015-11-16,14842725.0
2015-11-15,14839100.0
2015-11-14,14835300.0
2015-11-13,14831125.0
2015-11-12,14827475.0
2015-11-11,14823050.0
2015-11-10,14819475.0
2015-11-09,14815800.0
2015-11-08,14812300.0
2015-11-07,14808225.0
2015-11-06,14804800.0
2015-11-05,14801075.0
2015-11-04,14797200.0
2015-11-03,14793250.0
2015-11-02,14789625.0
2015-11-01,14785650.0
2015-10-31,14781850.0
2015-10-30,14777750.0
2015-10-29,14774050.0
2015-10-28,14770650.0
2015-10-27,14766700.0
2015-10-26,14762900.0
2015-10-25,14759025.0
2015-10-24,14755550.0
2015-10-23,14751700.0
2015-10-22,14747775.0
2015-10-21,14744150.0
2015-10-20,14740975.0
2015-10-19,14736825.0
2015-10-18,14736825.0
2015-10-17,14733250.0
2015-10-16,14729975.0
2015-10-15,14726100.0
2015-10-14,14722025.0
2015-10-13,14718225.0
2015-10-12,14714875.0
2015-10-11,14711375.0
2015-10-10,14707625.0
2015-10-09,14703900.0
2015-10-08,14700575.0
2015-10-07,14697150.0
2015-10-06,14693775.0
2015-10-05,14690050.0
2015-10-04,14686350.0
2015-10-03,14682575.0
2015-10-02,14678775.0
2015-10-01,14675650.0
2015-09-30,14671800.0
2015-09-29,14667925.0
2015-09-28,14663600.0
2015-09-27,14660125.0
2015-09-26,14652725.0
2015-09-25,14648675.0
2015-09-24,14645050.0
2015-09-23,14641300.0
2015-09-22,14637300.0
2015-09-21,14634000.0
2015-09-20,14631000.0
2015-09-19,14627700.0
2015-09-18,14624100.0
2015-09-17,14620575.0
2015-09-16,14616850.0
2015-09-15,14612775.0
2015-09-14,14608800.0
2015-09-13,14605300.0
2015-09-12,14601900.0
2015-09-11,14597575.0
2015-09-10,14593350.0
2015-09-09,14589825.0
2015-09-08,14586350.0
2015-09-07,14582950.0
2015-09-06,14578975.0
2015-09-05,14575200.0
2015-09-04,14571400.0
2015-09-03,14567625.0
2015-09-02,14563775.0
2015-09-01,14559975.0
2015-08-31,14556000.0
2015-08-30,14552400.0
2015-08-29,14548275.0
2015-08-28,14544550.0
2015-08-27,14540825.0
2015-08-26,14536950.0
2015-08-25,14533500.0
2015-08-24,14529575.0
2015-08-23,14526150.0
2015-08-22,14522325.0
2015-08-21,14518475.0
2015-08-20,14514600.0
2015-08-19,14510800.0
2015-08-18,14507175.0
2015-08-17,14503575.0
2015-08-16,14503575.0
2015-08-15,14499900.0
2015-08-14,14496550.0
2015-08-13,14493200.0
2015-08-12,14489475.0
2015-08-11,14486400.0
2015-08-10,14482175.0
2015-08-09,14477800.0
2015-08-08,14474425.0
2015-08-07,14470500.0
2015-08-06,14466950.0
2015-08-05,14463450.0
2015-08-04,14460300.0
2015-08-03,14456700.0
2015-08-02,14453025.0
2015-08-01,14449100.0
2015-07-31,14445000.0
2015-07-30,14441525.0
2015-07-29,14438100.0
2015-07-28,14434375.0
2015-07-27,14430825.0
2015-07-26,14426950.0
2015-07-25,14423500.0
2015-07-24,14419675.0
2015-07-23,14415475.0
2015-07-22,14411750.0
2015-07-21,14408075.0
2015-07-20,14404575.0
2015-07-19,14400975.0
2015-07-18,14397400.0
2015-07-17,14393400.0
2015-07-16,14389800.0
2015-07-15,14386400.0
2015-07-14,14382550.0
2015-07-13,14379075.0
2015-07-12,14375450.0
2015-07-11,14372000.0
2015-07-10,14368375.0
2015-07-09,14364475.0
2015-07-08,14361025.0
2015-07-07,14357175.0
2015-07-06,14353475.0
2015-07-05,14349225.0
2015-07-04,14345600.0
2015-07-03,14341725.0
2015-07-02,14337675.0
2015-07-01,14334175.0
2015-06-30,14330550.0
2015-06-29,14326975.0
2015-06-28,14323550.0
2015-06-27,14319875.0
2015-06-26,14316675.0
2015-06-25,14312975.0
2015-06-24,14308975.0
2015-06-23,14305200.0
2015-06-22,14301625.0
2015-06-21,14297925.0
2015-06-20,14294875.0
2015-06-19,14291525.0
2015-06-18,14287500.0
2015-06-17,14283650.0
2015-06-16,14280100.0
2015-06-15,14277025.0
2015-06-14,14273275.0
2015-06-13,14269650.0
2015-06-12,14265700.0
2015-06-11,14262300.0
2015-06-10,14258425.0
2015-06-09,14254475.0
2015-06-08,14250425.0
2015-06-07,14246900.0
2015-06-06,14242725.0
2015-06-05,14238700.0
2015-06-04,14235150.0
2015-06-03,14231600.0
2015-06-02,14228050.0
2015-06-01,14224400.0
2015-05-31,14220975.0
2015-05-30,14217300.0
2015-05-29,14214200.0
2015-05-28,14210275.0
2015-05-27,14206975.0
2015-05-26,14203350.0
2015-05-25,14199975.0
2015-05-24,14196375.0
2015-05-23,14192850.0
2015-05-22,14189850.0
2015-05-21,14186300.0
2015-05-20,14182475.0
2015-05-19,14178925.0
2015-05-18,14175525.0
2015-05-17,14172100.0
2015-05-16,14167775.0
2015-05-15,14164575.0
2015-05-14,14160450.0
2015-05-13,14156950.0
2015-05-12,14152900.0
2015-05-11,14148950.0
2015-05-10,14145225.0
2015-05-09,14142000.0
2015-05-08,14138850.0
2015-05-07,14135150.0
2015-05-06,14131125.0
2015-05-05,14127550.0
2015-05-04,14123700.0
2015-05-03,14120400.0
2015-05-02,14116950.0
2015-05-01,14113275.0
2015-04-30,14109600.0
2015-04-29,14106275.0
2015-04-28,14103050.0
2015-04-27,14099125.0
2015-04-26,14095675.0
2015-04-25,14091950.0
2015-04-24,14088100.0
2015-04-23,14085100.0
2015-04-22,14081650.0
2015-04-21,14078075.0
2015-04-20,14074100.0
2015-04-19,14069950.0
2015-04-18,14066550.0
2015-04-17,14063225.0
2015-04-16,14059875.0
2015-04-15,14056425.0
2015-04-14,14053350.0
2015-04-13,14049400.0
2015-04-12,14045875.0
2015-04-11,14042475.0
2015-04-10,14039050.0
2015-04-09,14035500.0
2015-04-08,14031925.0
2015-04-07,14028950.0
2015-04-06,14024975.0
2015-04-05,14021750.0
2015-04-04,14017975.0
2015-04-03,14014125.0
2015-04-02,14010350.0
2015-04-01,14006675.0
2015-03-31,14003125.0
2015-03-30,13999400.0
2015-03-29,13995850.0
2015-03-28,13992075.0
2015-03-27,13988325.0
2015-03-26,13984025.0
2015-03-25,13980300.0
2015-03-24,13976150.0
2015-03-23,13971975.0
2015-03-22,13968175.0
2015-03-21,13964850.0
2015-03-20,13961275.0
2015-03-19,13957750.0
2015-03-18,13954175.0
2015-03-17,13950650.0
2015-03-16,13947075.0
2015-03-15,13943800.0
2015-03-14,13940125.0
2015-03-13,13936775.0
2015-03-12,13933300.0
2015-03-11,13929975.0
2015-03-10,13925825.0
2015-03-09,13922050.0
2015-03-08,13918750.0
2015-03-07,13914850.0
2015-03-06,13911325.0
2015-03-05,13907375.0
2015-03-04,13904525.0
2015-03-03,13900600.0
2015-03-02,13896750.0
2015-03-01,13893000.0
2015-02-28,13889250.0
2015-02-27,13885875.0
2015-02-26,13881925.0
2015-02-25,13878325.0
2015-02-24,13874425.0
2015-02-23,13870975.0
2015-02-22,13867550.0
2015-02-21,13863775.0
2015-02-20,13860325.0
2015-02-19,13856175.0
2015-02-18,13852075.0
2015-02-17,13848050.0
2015-02-16,13844175.0
2015-02-15,13840225.0
2015-02-14,13836875.0
2015-02-13,13832850.0
2015-02-12,13829350.0
2015-02-11,13825950.0
2015-02-10,13822200.0
2015-02-09,13818450.0
2015-02-08,13814575.0
2015-02-07,13811375.0
2015-02-06,13807075.0
2015-02-05,13802700.0
2015-02-04,13799025.0
2015-02-03,13795000.0
2015-02-02,13791625.0
2015-02-01,13787950.0
2015-01-31,13783700.0
2015-01-30,13779825.0
2015-01-29,13776350.0
2015-01-28,13772100.0
2015-01-27,13768150.0
2015-01-26,13764525.0
2015-01-25,13761350.0
2015-01-24,13758200.0
2015-01-23,13755175.0
2015-01-22,13752075.0
2015-01-21,13748325.0
2015-01-20,13744900.0
2015-01-19,13741900.0
2015-01-18,13738025.0
2015-01-17,13734300.0
2015-01-15,13727150.0
2015-01-14,13723675.0
2015-01-13,13719900.0
2015-01-12,13717275.0
2015-01-11,13713175.0
2015-01-10,13709500.0
2015-01-09,13705975.0
2015-01-08,13702175.0
2015-01-07,13698800.0
2015-01-06,13695100.0
2015-01-05,13691175.0
2015-01-04,13686975.0
2015-01-03,13682825.0
2015-01-02,13678725.0
2015-01-01,13674725.0
2014-12-31,13670575.0
2014-12-30,13666700.0
2014-12-29,13663050.0
2014-12-28,13658825.0
2014-12-27,13654650.0
2014-12-26,13650650.0
2014-12-25,13647050.0
2014-12-24,13642825.0
2014-12-23,13639050.0
2014-12-22,13635000.0
2014-12-21,13631775.0
2014-12-20,13628150.0
2014-12-19,13624625.0
2014-12-18,13621525.0
2014-12-17,13618050.0
2014-12-16,13614875.0
2014-12-15,13611550.0
2014-12-14,13607725.0
2014-12-13,13604425.0
2014-12-12,13600850.0
2014-12-11,13597300.0
2014-12-10,13593675.0
2014-12-09,13589575.0
2014-12-08,13586100.0
2014-12-07,13582350.0
2014-12-06,13579300.0
2014-12-05,13575675.0
2014-12-04,13571925.0
2014-12-03,13568225.0
2014-12-02,13565200.0
2014-12-01,13561650.0
2014-11-30,13558075.0
2014-11-29,13554175.0
2014-11-28,13550400.0
2014-11-27,13546525.0
2014-11-26,13543250.0
2014-11-25,13539675.0
2014-11-24,13536475.0
2014-11-23,13532600.0
2014-11-22,13529075.0
2014-11-21,13525125.0
2014-11-20,13522025.0
2014-11-19,13518600.0
2014-11-18,13515175.0
2014-11-17,13511425.0
2014-11-16,13507625.0
2014-11-15,13504000.0
2014-11-14,13500250.0
2014-11-13,13496600.0
2014-11-12,13492950.0
2014-11-11,13489575.0
2014-11-10,13486050.0
2014-11-09,13482100.0
2014-11-08,13478625.0
2014-11-07,13474725.0
2014-11-06,13471125.0
2014-11-05,13467500.0
2014-11-04,13463500.0
2014-11-03,13459400.0
2014-11-02,13455525.0
2014-11-01,13451425.0
2014-10-31,13447425.0
2014-10-30,13442725.0
2014-10-29,13438400.0
2014-10-28,13434800.0
2014-10-27,13431050.0
2014-10-26,13427325.0
2014-10-25,13424075.0
2014-10-24,13420275.0
2014-10-23,13416200.0
2014-10-22,13412625.0
2014-10-21,13408350.0
2014-10-20,13404850.0
2014-10-19,13401400.0
2014-10-18,13398050.0
2014-10-17,13393825.0
2014-10-16,13390475.0
2014-10-15,13386725.0
2014-10-14,13383050.0
2014-10-13,13379550.0
2014-10-12,13375725.0
2014-10-11,13372025.0
2014-10-10,13368450.0
2014-10-09,13364475.0
2014-10-08,13360925.0
2014-10-07,13357650.0
2014-10-06,13353875.0
2014-10-05,13349875.0
2014-10-04,13345425.0
2014-10-03,13341850.0
2014-10-02,13338325.0
2014-10-01,13334625.0
2014-09-30,13331000.0
2014-09-29,13327200.0
2014-09-28,13323750.0
2014-09-27,13320275.0
2014-09-26,13317075.0
2014-09-25,13313300.0
2014-09-24,13309225.0
2014-09-23,13305150.0
2014-09-22,13301375.0
2014-09-21,13297450.0
2014-09-20,13293075.0
2014-09-19,13288750.0
2014-09-18,13284700.0
2014-09-17,13280075.0
2014-09-16,13275350.0
2014-09-15,13271125.0
2014-09-14,13267425.0
2014-09-13,13263175.0
2014-09-12,13258750.0
2014-09-11,13254725.0
2014-09-10,13250675.0
2014-09-09,13246775.0
2014-09-08,13243475.0
2014-09-07,13239650.0
2014-09-06,13235550.0
2014-09-05,13231350.0
2014-09-04,13227625.0
2014-09-03,13223450.0
2014-09-02,13219475.0
2014-09-01,13215900.0
2014-08-31,13212150.0
2014-08-30,13207275.0
2014-08-29,13202975.0
2014-08-28,13198825.0
2014-08-27,13194300.0
2014-08-26,13190275.0
2014-08-25,13186125.0
2014-08-24,13182775.0
2014-08-23,13178675.0
2014-08-22,13174750.0
2014-08-21,13170725.0
2014-08-20,13166525.0
2014-08-19,13162575.0
2014-08-18,13157425.0
2014-08-17,13153050.0
2014-08-16,13148925.0
2014-08-15,13144650.0
2014-08-14,13140575.0
2014-08-13,13136325.0
2014-08-12,13132400.0
2014-08-11,13127875.0
2014-08-10,13123325.0
2014-08-09,13118850.0
2014-08-08,13114525.0
2014-08-07,13110500.0
2014-08-06,13106575.0
2014-08-05,13102750.0
2014-08-04,13099450.0
2014-08-03,13096075.0
2014-08-02,13092275.0
2014-08-01,13088050.0
2014-07-31,13084225.0
2014-07-30,13080375.0
2014-07-29,13076000.0
2014-07-28,13072275.0
2014-07-27,13068875.0
2014-07-26,13064850.0
2014-07-25,13061350.0
2014-07-24,13057425.0
2014-07-23,13053700.0
2014-07-22,13050050.0
2014-07-21,13046475.0
2014-07-20,13042750.0
2014-07-19,13038500.0
2014-07-18,13034200.0
2014-07-17,13030225.0
2014-07-16,13025950.0
2014-07-15,13021825.0
2014-07-14,13018375.0
2014-07-13,13014750.0
2014-07-12,13010900.0
2014-07-11,13006775.0
2014-07-10,13003025.0
2014-07-09,12999175.0
2014-07-08,12995200.0
2014-07-07,12991150.0
2014-07-06,12987675.0
2014-07-05,12983950.0
2014-07-04,12980150.0
2014-07-03,12976150.0
2014-07-02,12972825.0
2014-07-01,12969350.0
2014-06-30,12965900.0
2014-06-29,12962775.0
2014-06-28,12958425.0
2014-06-27,12953750.0
2014-06-26,12949075.0
2014-06-25,12944800.0
2014-06-24,12940150.0
2014-06-23,12935200.0
2014-06-22,12931250.0
2014-06-21,12926425.0
2014-06-20,12921700.0
2014-06-19,12917075.0
2014-06-18,12913300.0
2014-06-17,12909050.0
2014-06-16,12904600.0
2014-06-15,12899525.0
2014-06-14,12894875.0
2014-06-13,12890475.0
2014-06-12,12886275.0
2014-06-11,12882400.0
2014-06-10,12878750.0
2014-06-09,12874325.0
2014-06-08,12870925.0
2014-06-07,12867175.0
2014-06-06,12863350.0
2014-06-05,12859650.0
2014-06-04,12856025.0
2014-06-03,12851450.0
2014-06-02,12846750.0
2014-06-01,12842275.0
2014-05-31,12837800.0
2014-05-30,12834000.0
2014-05-29,12829925.0
2014-05-28,12826650.0
2014-05-27,12822225.0
2014-05-26,12819000.0
2014-05-25,12814775.0
2014-05-24,12811000.0
2014-05-23,12806800.0
2014-05-22,12802850.0
2014-05-21,12798675.0
2014-05-20,12794225.0
2014-05-19,12789750.0
2014-05-18,12785325.0
2014-05-17,12781475.0
2014-05-16,12776900.0
2014-05-15,12772350.0
2014-05-14,12768200.0
2014-05-13,12764450.0
2014-05-12,12760200.0
2014-05-11,12756275.0
2014-05-10,12752125.0
2014-05-09,12747700.0
2014-05-08,12743550.0
2014-05-07,12739650.0
2014-05-06,12735575.0
2014-05-05,12730925.0
2014-05-04,12727800.0
2014-05-03,12724000.0
2014-05-02,12720400.0
2014-05-01,12716150.0
2014-04-30,12711950.0
2014-04-29,12708300.0
2014-04-28,12704350.0
2014-04-27,12700200.0
2014-04-26,12696025.0
2014-04-25,12691575.0
2014-04-24,12687475.0
2014-04-23,12683800.0
2014-04-22,12679425.0
2014-04-21,12675575.0
2014-04-20,12671150.0
2014-04-19,12666900.0
2014-04-18,12662825.0
2014-04-17,12658925.0
2014-04-16,12654575.0
2014-04-15,12650850.0
2014-04-14,12645975.0
2014-04-13,12641425.0
2014-04-12,12636450.0
2014-04-11,12632450.0
2014-04-10,12628725.0
2014-04-09,12624350.0
2014-04-08,12620725.0
2014-04-07,12616825.0
2014-04-06,12613175.0
2014-04-05,12609625.0
2014-04-04,12605150.0
2014-04-03,12600125.0
2014-04-02,12594925.0
2014-04-01,12590300.0
2014-03-31,12585825.0
2014-03-30,12581625.0
2014-03-29,12577900.0
2014-03-28,12573625.0
2014-03-27,12569050.0
2014-03-26,12564875.0
2014-03-25,12560925.0
2014-03-24,12557150.0
2014-03-23,12552175.0
2014-03-22,12547050.0
2014-03-21,12542650.0
2014-03-20,12538125.0
2014-03-19,12533950.0
2014-03-18,12530075.0
2014-03-17,12526450.0
2014-03-16,12522000.0
2014-03-15,12518050.0
2014-03-14,12513675.0
2014-03-13,12510200.0
2014-03-12,12505975.0
2014-03-11,12501775.0
2014-03-10,12497575.0
2014-03-09,12493450.0
2014-03-08,12489350.0
2014-03-07,12484975.0
2014-03-06,12480800.0
2014-03-05,12476750.0
2014-03-04,12472725.0
2014-03-03,12469250.0
2014-03-02,12465700.0
2014-03-01,12461975.0
2014-02-28,12458275.0
2014-02-27,12453575.0
2014-02-26,12449025.0
2014-02-25,12444500.0
2014-02-24,12440250.0
2014-02-23,12435700.0
2014-02-22,12431150.0
2014-02-21,12427050.0
2014-02-20,12422850.0
2014-02-19,12418575.0
2014-02-18,12413800.0
2014-02-17,12409625.0
2014-02-16,12405475.0
2014-02-15,12400650.0
2014-02-14,12396150.0
2014-02-13,12391375.0
2014-02-12,12386875.0
2014-02-11,12382700.0
2014-02-10,12378525.0
2014-02-09,12374700.0
2014-02-08,12370925.0
2014-02-07,12366550.0
2014-02-06,12362425.0
2014-02-05,12358250.0
2014-02-04,12353975.0
2014-02-03,12349750.0
2014-02-02,12344900.0
2014-02-01,12340450.0
2014-01-31,12335525.0
2014-01-30,12330925.0
2014-01-29,12326925.0
2014-01-28,12322975.0
2014-01-27,12318825.0
2014-01-26,12314800.0
2014-01-25,12310800.0
2014-01-24,12306925.0
2014-01-23,12302025.0
2014-01-22,12297575.0
2014-01-21,12292825.0
2014-01-20,12288525.0
2014-01-19,12283950.0
2014-01-18,12279350.0
2014-01-17,12275275.0
2014-01-16,12271450.0
2014-01-15,12266450.0
2014-01-14,12262175.0
2014-01-13,12258325.0
2014-01-12,12253250.0
2014-01-11,12248500.0
2014-01-10,12243325.0
2014-01-09,12238275.0
2014-01-08,12233750.0
2014-01-07,12228825.0
2014-01-06,12224150.0
2014-01-05,12219725.0
2014-01-04,12215225.0
2014-01-03,12211525.0
2014-01-02,12207450.0
2014-01-01,12203800.0
2013-12-31,12198800.0
2013-12-30,12194575.0
2013-12-29,12189725.0
2013-12-28,12185975.0
2013-12-27,12181875.0
2013-12-26,12177500.0
2013-12-25,12173025.0
2013-12-24,12168725.0
2013-12-23,12164575.0
2013-12-22,12160600.0
2013-12-21,12156450.0
2013-12-20,12152375.0
2013-12-19,12147325.0
2013-12-18,12141925.0
2013-12-17,12136675.0
2013-12-16,12131750.0
2013-12-15,12126925.0
2013-12-14,12122475.0
2013-12-13,12117475.0
2013-12-12,12113325.0
2013-12-11,12109175.0
2013-12-10,12105225.0
2013-12-09,12100200.0
2013-12-08,12095325.0
2013-12-07,12090850.0
2013-12-06,12086050.0
2013-12-05,12080775.0
2013-12-04,12076500.0
2013-12-03,12072075.0
2013-12-02,12067325.0
2013-12-01,12063250.0
2013-11-30,12058375.0
2013-11-29,12054375.0
2013-11-28,12049750.0
2013-11-27,12045200.0
2013-11-26,12041050.0
2013-11-25,12036950.0
2013-11-24,12032450.0
2013-11-23,12028150.0
2013-11-22,12024100.0
2013-11-21,12019950.0
2013-11-20,12016250.0
2013-11-19,12012175.0
2013-11-18,12008300.0
2013-11-17,12004200.0
2013-11-16,11999375.0
2013-11-15,11994475.0
2013-11-14,11990400.0
2013-11-13,11986175.0
2013-11-12,11981475.0
2013-11-11,11976750.0
2013-11-10,11971875.0
2013-11-09,11967675.0
2013-11-08,11964125.0
2013-11-07,11960800.0
2013-11-06,11956950.0
2013-11-05,11952900.0
2013-11-04,11948650.0
2013-11-03,11943650.0
2013-11-02,11938750.0
2013-11-01,11933325.0
2013-10-31,11928575.0
2013-10-30,11923350.0
2013-10-29,11918450.0
2013-10-28,11914525.0
2013-10-27,11910050.0
2013-10-26,11905625.0
2013-10-25,11900650.0
2013-10-24,11894650.0
2013-10-23,11889425.0
2013-10-22,11884150.0
2013-10-21,11877925.0
2013-10-20,11872900.0
2013-10-19,11867500.0
2013-10-18,11862025.0
2013-10-17,11857700.0
2013-10-16,11853225.0
2013-10-15,11847750.0
2013-10-14,11841550.0
2013-10-13,11835100.0
2013-10-12,11829375.0
2013-10-11,11824450.0
2013-10-10,11820025.0
2013-10-09,11815150.0
2013-10-08,11810575.0
2013-10-07,11806675.0
2013-10-06,11802850.0
2013-10-05,11797800.0
2013-10-04,11792525.0
2013-10-03,11788075.0
2013-10-02,11782875.0
2013-10-01,11778550.0
2013-09-30,11773650.0
2013-09-29,11769550.0
2013-09-28,11765350.0
2013-09-27,11761075.0
2013-09-26,11756675.0
2013-09-25,11752400.0
2013-09-24,11747050.0
2013-09-23,11742025.0
2013-09-22,11736500.0
2013-09-21,11731350.0
2013-09-20,11726675.0
2013-09-19,11721850.0
2013-09-18,11716975.0
2013-09-17,11713200.0
2013-09-16,11708775.0
2013-09-15,11704550.0
2013-09-14,11699975.0
2013-09-13,11694575.0
2013-09-12,11689325.0
2013-09-11,11684125.0
2013-09-10,11679100.0
2013-09-09,11674450.0
2013-09-08,11669625.0
2013-09-07,11665900.0
2013-09-06,11661825.0
2013-09-05,11657075.0
2013-09-04,11653000.0
2013-09-03,11648650.0
2013-09-02,11644025.0
2013-09-01,11638150.0
2013-08-31,11632600.0
2013-08-30,11627225.0
2013-08-29,11622375.0
2013-08-28,11617425.0
2013-08-27,11613250.0
2013-08-26,11608950.0
2013-08-25,11604875.0
2013-08-24,11601300.0
2013-08-23,11596650.0
2013-08-22,11591275.0
2013-08-21,11586075.0
2013-08-20,11580925.0
2013-08-19,11576400.0
2013-08-18,11571950.0
2013-08-17,11567025.0
2013-08-16,11562350.0
2013-08-15,11558050.0
2013-08-14,11553875.0
2013-08-13,11550025.0
2013-08-12,11545225.0
2013-08-11,11539500.0
2013-08-10,11534150.0
2013-08-09,11529175.0
2013-08-08,11523975.0
2013-08-07,11518925.0
2013-08-06,11514525.0
2013-08-05,11509800.0
2013-08-04,11505000.0
2013-08-03,11500725.0
2013-08-02,11496250.0
2013-08-01,11491500.0
2013-07-31,11486875.0
2013-07-30,11481900.0
2013-07-29,11477275.0
2013-07-28,11473125.0
2013-07-27,11468700.0
2013-07-26,11464575.0
2013-07-25,11460125.0
2013-07-24,11456700.0
2013-07-23,11452850.0
2013-07-22,11449225.0
2013-07-21,11444725.0
2013-07-20,11439850.0
2013-07-19,11435175.0
2013-07-18,11430950.0
2013-07-17,11426650.0
2013-07-16,11422425.0
2013-07-15,11418325.0
2013-07-14,11414050.0
2013-07-13,11409975.0
2013-07-12,11406200.0
2013-07-11,11402075.0
2013-07-10,11397275.0
2013-07-09,11393000.0
2013-07-08,11387975.0
2013-07-07,11383325.0
2013-07-06,11378650.0
2013-07-05,11373950.0
2013-07-04,11369525.0
2013-07-03,11365275.0
2013-07-02,11360900.0
2013-07-01,11356975.0
2013-06-30,11353150.0
2013-06-29,11349050.0
2013-06-28,11345025.0
2013-06-27,11340825.0
2013-06-26,11336675.0
2013-06-25,11331950.0
2013-06-24,11328250.0
2013-06-23,11324675.0
2013-06-22,11320275.0
2013-06-21,11315975.0
2013-06-20,11311650.0
2013-06-19,11308000.0
2013-06-18,11304875.0
2013-06-17,11301225.0
2013-06-16,11297375.0
2013-06-15,11292700.0
2013-06-14,11288300.0
2013-06-13,11284000.0
2013-06-12,11279175.0
2013-06-11,11274175.0
2013-06-10,11269775.0
2013-06-09,11265275.0
2013-06-08,11261100.0
2013-06-07,11256900.0
2013-06-06,11252875.0
2013-06-05,11248425.0
2013-06-04,11243375.0
2013-06-03,11238125.0
2013-06-02,11232900.0
2013-06-01,11227800.0
2013-05-31,11222850.0
2013-05-30,11218200.0
2013-05-29,11213975.0
2013-05-28,11209775.0
2013-05-27,11205725.0
2013-05-26,11201425.0
2013-05-25,11197400.0
2013-05-24,11193100.0
2013-05-23,11189050.0
2013-05-22,11185025.0
2013-05-21,11180875.0
2013-05-20,11177150.0
2013-05-19,11173700.0
2013-05-18,11169850.0
2013-05-17,11166175.0
2013-05-16,11162150.0
2013-05-15,11158525.0
2013-05-14,11154850.0
2013-05-13,11151175.0
2013-05-12,11146675.0
2013-05-11,11142225.0
2013-05-10,11137850.0
2013-05-09,11133675.0
2013-05-08,11129525.0
2013-05-07,11125450.0
2013-05-06,11121050.0
2013-05-05,11116975.0
2013-05-04,11113125.0
2013-05-03,11109275.0
2013-05-02,11105600.0
2013-05-01,11102000.0
2013-04-30,11098475.0
2013-04-29,11094750.0
2013-04-28,11090225.0
2013-04-27,11086050.0
2013-04-26,11082075.0
2013-04-25,11077775.0
2013-04-24,11073800.0
2013-04-23,11069425.0
2013-04-22,11065450.0
2013-04-21,11061400.0
2013-04-20,11057050.0
2013-04-19,11053425.0
2013-04-18,11050300.0
2013-04-17,11046225.0
2013-04-16,11042050.0
2013-04-15,11037475.0
2013-04-14,11033475.0
2013-04-13,11029400.0
2013-04-12,11025425.0
2013-04-11,11021100.0
2013-04-10,11017000.0
2013-04-09,11012400.0
2013-04-08,11008200.0
2013-04-07,11003975.0
2013-04-06,10999925.0
2013-04-05,10995725.0
2013-04-04,10992125.0
2013-04-03,10988125.0
2013-04-02,10983675.0
2013-04-01,10979300.0
2013-03-31,10973850.0
2013-03-30,10969925.0
2013-03-29,10965775.0
2013-03-28,10961225.0
2013-03-27,10956750.0
2013-03-26,10953600.0
2013-03-25,10949700.0
2013-03-24,10946300.0
2013-03-23,10940875.0
2013-03-22,10935625.0
2013-03-21,10930000.0
2013-03-20,10924425.0
2013-03-19,10919750.0
2013-03-18,10914825.0
2013-03-17,10910350.0
2013-03-16,10905275.0
2013-03-15,10900875.0
2013-03-14,10896625.0
2013-03-13,10892000.0
2013-03-12,10888150.0
2013-03-11,10885200.0
2013-03-10,10880550.0
2013-03-09,10875925.0
2013-03-08,10871675.0
2013-03-07,10868025.0
2013-03-06,10864225.0
2013-03-05,10860175.0
2013-03-04,10856425.0
2013-03-03,10852050.0
2013-03-02,10848250.0
2013-03-01,10844500.0
2013-02-28,10840550.0
2013-02-27,10836275.0
2013-02-26,10831200.0
2013-02-25,10827325.0
2013-02-24,10822450.0
2013-02-23,10818350.0
2013-02-22,10814300.0
2013-02-21,10810275.0
2013-02-20,10805350.0
2013-02-19,10801025.0
2013-02-18,10796875.0
2013-02-17,10792850.0
2013-02-16,10788200.0
2013-02-15,10783475.0
2013-02-14,10779075.0
2013-02-13,10774975.0
2013-02-12,10771050.0
2013-02-11,10767475.0
2013-02-10,10763500.0
2013-02-09,10759400.0
2013-02-08,10756000.0
2013-02-07,10752200.0
2013-02-06,10748500.0
2013-02-05,10744650.0
2013-02-04,10740350.0
2013-02-03,10735950.0
2013-02-02,10731825.0
2013-02-01,10727800.0
2013-01-31,10723975.0
2013-01-30,10719225.0
2013-01-29,10715600.0
2013-01-28,10711550.0
2013-01-27,10707850.0
2013-01-26,10704050.0
2013-01-25,10700300.0
2013-01-24,10696825.0
2013-01-23,10693125.0
2013-01-22,10689775.0
2013-01-21,10686575.0
2013-01-20,10682925.0
2013-01-19,10679625.0
2013-01-18,10676100.0
2013-01-17,10672975.0
2013-01-16,10669900.0
2013-01-15,10666825.0
2013-01-14,10663650.0
2013-01-13,10659800.0
2013-01-12,10656750.0
2013-01-11,10653775.0
2013-01-10,10650750.0
2013-01-09,10647100.0
2013-01-08,10643750.0
2013-01-07,10640150.0
2013-01-06,10635975.0
2013-01-05,10632425.0
2013-01-04,10628700.0
2013-01-03,10625175.0
2013-01-02,10621175.0
2013-01-01,10617275.0
2012-12-31,10613175.0
2012-12-30,10608975.0
2012-12-29,10604975.0
2012-12-28,10601625.0
2012-12-27,10597225.0
2012-12-26,10593200.0
2012-12-25,10589600.0
2012-12-24,10586525.0
2012-12-23,10583350.0
2012-12-22,10579900.0
2012-12-21,10576300.0
2012-12-20,10573275.0
2012-12-19,10570575.0
2012-12-18,10567000.0
2012-12-17,10563850.0
2012-12-16,10560700.0
2012-12-15,10557825.0
2012-12-14,10554875.0
2012-12-13,10552275.0
2012-12-12,10548875.0
2012-12-11,10545650.0
2012-12-10,10542025.0
2012-12-09,10538475.0
2012-12-08,10535225.0
2012-12-07,10531850.0
2012-12-06,10528750.0
2012-12-05,10525175.0
2012-12-04,10522175.0
2012-12-03,10519400.0
2012-12-02,10515650.0
2012-12-01,10511875.0
2012-11-30,10507875.0
2012-11-29,10504650.0
2012-11-28,10500525.0
2012-11-27,10492600.0
2012-11-26,10485000.0
2012-11-25,10477050.0
2012-11-24,10470000.0
2012-11-23,10461900.0
2012-11-22,10454650.0
2012-11-21,10447300.0
2012-11-20,10439600.0
2012-11-19,10431650.0
2012-11-18,10425500.0
2012-11-17,10417550.0
2012-11-16,10410500.0
2012-11-15,10403450.0
2012-11-14,10396650.0
2012-11-13,10389450.0
2012-11-12,10382650.0
2012-11-11,10375600.0
2012-11-10,10369000.0
2012-11-09,10361000.0
2012-11-08,10353750.0
2012-11-07,10345650.0
2012-11-06,10337800.0
2012-11-05,10331000.0
2012-11-04,10323350.0
2012-11-03,10315350.0
2012-11-02,10308200.0
2012-11-01,10300950.0
2012-10-31,10294200.0
2012-10-30,10287250.0
2012-10-29,10279800.0
2012-10-28,10271900.0
2012-10-27,10263450.0
2012-10-26,10254550.0
2012-10-25,10246500.0
2012-10-24,10239600.0
2012-10-23,10231800.0
2012-10-22,10224950.0
2012-10-21,10216650.0
2012-10-20,10208750.0
2012-10-19,10201850.0
2012-10-18,10193900.0
2012-10-17,10186150.0
2012-10-16,10179100.0
2012-10-15,10171500.0
2012-10-14,10163650.0
2012-10-13,10156750.0
2012-10-12,10149450.0
2012-10-11,10141900.0
2012-10-10,10135000.0
2012-10-09,10127550.0
2012-10-08,10120300.0
2012-10-07,10112000.0
2012-10-06,10105150.0
2012-10-05,10098050.0
2012-10-04,10091250.0
2012-10-03,10084550.0
2012-10-02,10077650.0
2012-10-01,10070850.0
2012-09-30,10063450.0
2012-09-29,10055850.0
2012-09-28,10047450.0
2012-09-27,10039250.0
2012-09-26,10032100.0
2012-09-25,10024950.0
2012-09-24,10017500.0
2012-09-23,10009700.0
2012-09-22,10002250.0
2012-09-21,9993650.0
2012-09-20,9985500.0
2012-09-19,9978150.0
2012-09-18,9971000.0
2012-09-17,9962650.0
2012-09-16,9953850.0
2012-09-15,9946350.0
2012-09-14,9939200.0
2012-09-13,9931100.0
2012-09-12,9923850.0
2012-09-11,9916800.0
2012-09-10,9908900.0
2012-09-09,9901700.0
2012-09-08,9894050.0
2012-09-07,9887050.0
2012-09-06,9878450.0
2012-09-05,9869150.0
2012-09-04,9860150.0
2012-09-03,9853750.0
2012-09-02,9844750.0
2012-09-01,9837100.0
2012-08-31,9828950.0
2012-08-30,9821800.0
2012-08-29,9813900.0
2012-08-28,9805600.0
2012-08-27,9798100.0
2012-08-26,9790650.0
2012-08-25,9781850.0
2012-08-24,9775300.0
2012-08-23,9767500.0
2012-08-22,9759250.0
2012-08-21,9751800.0
2012-08-20,9742750.0
2012-08-19,9733300.0
2012-08-18,9725400.0
2012-08-17,9718000.0
2012-08-16,9710850.0
2012-08-15,9703150.0
2012-08-14,9694600.0
2012-08-13,9686450.0
2012-08-12,9678800.0
2012-08-11,9670350.0
2012-08-10,9662450.0
2012-08-09,9654250.0
2012-08-08,9646300.0
2012-08-07,9637800.0
2012-08-06,9630350.0
2012-08-05,9623300.0
2012-08-04,9616050.0
2012-08-03,9608550.0
2012-08-02,9599900.0
2012-08-01,9592200.0
2012-07-31,9585150.0
2012-07-30,9578500.0
2012-07-29,9569250.0
2012-07-28,9562000.0
2012-07-27,9553500.0
2012-07-26,9545100.0
2012-07-25,9536200.0
2012-07-24,9528500.0
2012-07-23,9520450.0
2012-07-22,9512950.0
2012-07-21,9506000.0
2012-07-20,9498500.0
2012-07-19,9491550.0
2012-07-18,9484400.0
2012-07-17,9476850.0
2012-07-16,9468000.0
2012-07-15,9460600.0
2012-07-14,9453150.0
2012-07-13,9445700.0
2012-07-12,9437650.0
2012-07-11,9430100.0
2012-07-10,9423250.0
2012-07-09,9415700.0
2012-07-08,9407450.0
2012-07-07,9399750.0
2012-07-06,9391250.0
2012-07-05,9383600.0
2012-07-04,9376750.0
2012-07-03,9368800.0
2012-07-02,9361550.0
2012-07-01,9353500.0
2012-06-30,9346600.0
2012-06-29,9339500.0
2012-06-28,9332500.0
2012-06-27,9325750.0
2012-06-26,9317650.0
2012-06-25,9310250.0
2012-06-24,9302600.0
2012-06-23,9295600.0
2012-06-22,9287500.0
2012-06-21,9280450.0
2012-06-20,9274350.0
2012-06-19,9267550.0
2012-06-18,9258450.0
2012-06-17,9250600.0
2012-06-16,9242450.0
2012-06-15,9234450.0
2012-06-14,9226500.0
2012-06-13,9219200.0
2012-06-12,9211100.0
2012-06-11,9204100.0
2012-06-10,9196400.0
2012-06-09,9187900.0
2012-06-08,9179550.0
2012-06-07,9172150.0
2012-06-06,9165850.0
2012-06-05,9157400.0
2012-06-04,9150600.0
2012-06-03,9143050.0
2012-06-02,9135150.0
2012-06-01,9127350.0
2012-05-31,9119800.0
2012-05-30,9112500.0
2012-05-29,9106500.0
2012-05-28,9099700.0
2012-05-27,9092800.0
2012-05-26,9084600.0
2012-05-25,9077850.0
2012-05-24,9072050.0
2012-05-23,9065300.0
2012-05-22,9059250.0
2012-05-21,9053400.0
2012-05-20,9046800.0
2012-05-19,9039700.0
2012-05-18,9032400.0
2012-05-17,9025200.0
2012-05-16,9019300.0
2012-05-15,9013700.0
2012-05-14,9007150.0
2012-05-13,9000000.0
2012-05-12,8993400.0
2012-05-11,8986550.0
2012-05-10,8980400.0
2012-05-09,8973200.0
2012-05-08,8965000.0
2012-05-07,8955700.0
2012-05-06,8947150.0
2012-05-05,8938550.0
2012-05-04,8930750.0
2012-05-03,8923000.0
2012-05-02,8914700.0
2012-05-01,8907000.0
2012-04-30,8898050.0
2012-04-29,8889600.0
2012-04-28,8881300.0
2012-04-27,8873500.0
2012-04-26,8867200.0
2012-04-25,8859500.0
2012-04-24,8852600.0
2012-04-23,8846450.0
2012-04-22,8839050.0
2012-04-21,8831600.0
2012-04-20,8824250.0
2012-04-19,8816500.0
2012-04-18,8808700.0
2012-04-17,8802600.0
2012-04-16,8795500.0
2012-04-15,8788850.0
2012-04-14,8783000.0
2012-04-13,8776350.0
2012-04-12,8770050.0
2012-04-11,8763150.0
2012-04-10,8756000.0
2012-04-09,8748850.0
2012-04-08,8741300.0
2012-04-07,8734000.0
2012-04-06,8727400.0
2012-04-05,8721250.0
2012-04-04,8715300.0
2012-04-03,8708250.0
2012-04-02,8701850.0
2012-04-01,8695500.0
2012-03-31,8688000.0
2012-03-30,8679850.0
2012-03-29,8672350.0
2012-03-28,8665400.0
2012-03-27,8657450.0
2012-03-26,8650050.0
2012-03-25,8642450.0
2012-03-24,8634100.0
2012-03-23,8625500.0
2012-03-22,8619000.0
2012-03-21,8611200.0
2012-03-20,8603100.0
2012-03-19,8595700.0
2012-03-18,8587800.0
2012-03-17,8580000.0
2012-03-16,8571400.0
2012-03-15,8564250.0
2012-03-14,8557800.0
2012-03-13,8550900.0
2012-03-12,8543300.0
2012-03-11,8534850.0
2012-03-10,8528200.0
2012-03-09,8519550.0
2012-03-08,8511250.0
2012-03-07,8503450.0
2012-03-06,8496000.0
2012-03-05,8488600.0
2012-03-04,8482000.0
2012-03-03,8475500.0
2012-03-02,8469550.0
2012-03-01,8462900.0
2012-02-29,8455100.0
2012-02-28,8445800.0
2012-02-27,8438300.0
2012-02-26,8430400.0
2012-02-25,8422800.0
2012-02-24,8414450.0
2012-02-23,8407200.0
2012-02-22,8398800.0
2012-02-21,8390950.0
2012-02-20,8384550.0
2012-02-19,8377250.0
2012-02-18,8369400.0
2012-02-17,8360650.0
2012-02-16,8353550.0
2012-02-15,8347100.0
2012-02-14,8340000.0
2012-02-13,8333200.0
2012-02-12,8325850.0
2012-02-11,8317850.0
2012-02-10,8310950.0
2012-02-09,8303600.0
2012-02-08,8296400.0
2012-02-07,8289800.0
2012-02-06,8282650.0
2012-02-05,8275250.0
2012-02-04,8268450.0
2012-02-03,8260250.0
2012-02-02,8252250.0
2012-02-01,8244100.0
2012-01-31,8237350.0
2012-01-30,8229450.0
2012-01-29,8221150.0
2012-01-28,8213000.0
2012-01-27,8205250.0
2012-01-26,8198300.0
2012-01-25,8191800.0
2012-01-24,8184050.0
2012-01-23,8177300.0
2012-01-22,8168750.0
2012-01-21,8162250.0
2012-01-20,8153300.0
2012-01-19,8146400.0
2012-01-18,8139600.0
2012-01-17,8132500.0
2012-01-16,8124600.0
2012-01-15,8116700.0
2012-01-14,8109300.0
2012-01-13,8101300.0
2012-01-12,8095100.0
2012-01-11,8086800.0
2012-01-10,8079200.0
2012-01-09,8071900.0
2012-01-08,8063850.0
2012-01-07,8055800.0
2012-01-06,8046750.0
2012-01-05,8038250.0
2012-01-04,8030900.0
2012-01-03,8023200.0
2012-01-02,8015100.0
2012-01-01,8007500.0
2011-12-31,8000050.0
2011-12-30,7992000.0
2011-12-29,7985600.0
2011-12-28,7978600.0
2011-12-27,7971100.0
2011-12-26,7963150.0
2011-12-25,7954550.0
2011-12-24,7945850.0
2011-12-23,7939250.0
2011-12-22,7931650.0
2011-12-21,7924750.0
2011-12-20,7917000.0
2011-12-19,7910250.0
2011-12-18,7902700.0
2011-12-17,7895350.0
2011-12-16,7888050.0
2011-12-15,7881850.0
2011-12-14,7875700.0
2011-12-13,7868500.0
2011-12-12,7862050.0
2011-12-11,7855350.0
2011-12-10,7848100.0
2011-12-09,7840250.0
2011-12-08,7832700.0
2011-12-07,7825000.0
2011-12-06,7817650.0
2011-12-05,7809700.0
2011-12-04,7801700.0
2011-12-03,7794850.0
2011-12-02,7787350.0
2011-12-01,7779500.0
2011-11-30,7770250.0
2011-11-29,7762950.0
2011-11-28,7756000.0
2011-11-27,7749800.0
2011-11-26,7744100.0
2011-11-25,7737750.0
2011-11-24,7731250.0
2011-11-23,7725650.0
2011-11-22,7719100.0
2011-11-21,7712350.0
2011-11-20,7705600.0
2011-11-19,7699200.0
2011-11-18,7692750.0
2011-11-17,7686200.0
2011-11-16,7678950.0
2011-11-15,7672300.0
2011-11-14,7663650.0
2011-11-13,7656850.0
2011-11-12,7649500.0
2011-11-11,7642750.0
2011-11-10,7636650.0
2011-11-09,7629400.0
2011-11-08,7620950.0
2011-11-07,7614200.0
2011-11-06,7607650.0
2011-11-05,7600250.0
2011-11-04,7592750.0
2011-11-03,7585600.0
2011-11-02,7579250.0
2011-11-01,7571700.0
2011-10-31,7564400.0
2011-10-30,7557550.0
2011-10-29,7552700.0
2011-10-28,7546750.0
2011-10-27,7541650.0
2011-10-26,7535900.0
2011-10-25,7530450.0
2011-10-24,7523950.0
2011-10-23,7517800.0
2011-10-22,7512550.0
2011-10-21,7507850.0
2011-10-20,7500950.0
2011-10-19,7495800.0
2011-10-18,7489200.0
2011-10-17,7482850.0
2011-10-16,7477200.0
2011-10-15,7471050.0
2011-10-14,7464000.0
2011-10-13,7457350.0
2011-10-12,7452800.0
2011-10-11,7446850.0
2011-10-10,7441550.0
2011-10-09,7435650.0
2011-10-08,7429500.0
2011-10-07,7423050.0
2011-10-06,7416650.0
2011-10-05,7410000.0
2011-10-04,7403150.0
2011-10-03,7396650.0
2011-10-02,7390150.0
2011-10-01,7383600.0
2011-09-30,7376800.0
2011-09-29,7370650.0
2011-09-28,7363950.0
2011-09-27,7357300.0
2011-09-26,7350500.0
2011-09-25,7343650.0
2011-09-24,7336550.0
2011-09-23,7330350.0
2011-09-22,7323650.0
2011-09-21,7316150.0
2011-09-20,7308750.0
2011-09-19,7301800.0
2011-09-18,7295700.0
2011-09-17,7287350.0
2011-09-16,7281200.0
2011-09-15,7274900.0
2011-09-14,7267500.0
2011-09-13,7259900.0
2011-09-12,7253100.0
2011-09-11,7246600.0
2011-09-10,7239700.0
2011-09-09,7232550.0
2011-09-08,7225550.0
2011-09-07,7219300.0
2011-09-06,7211950.0
2011-09-05,7204450.0
2011-09-04,7196750.0
2011-09-03,7190450.0
2011-09-02,7183350.0
2011-09-01,7175250.0
2011-08-31,7168900.0
2011-08-30,7161350.0
2011-08-29,7153600.0
2011-08-28,7147350.0
2011-08-27,7141650.0
2011-08-26,7135100.0
2011-08-25,7127400.0
2011-08-24,7121000.0
2011-08-23,7114450.0
2011-08-22,7105950.0
2011-08-21,7097150.0
2011-08-20,7089900.0
2011-08-19,7082650.0
2011-08-18,7075900.0
2011-08-17,7068000.0
2011-08-16,7061550.0
2011-08-15,7054800.0
2011-08-14,7047650.0
2011-08-13,7041500.0
2011-08-12,7035100.0
2011-08-11,7028250.0
2011-08-10,7021500.0
2011-08-09,7013200.0
2011-08-08,7006550.0
2011-08-07,7000100.0
2011-08-06,6993650.0
2011-08-05,6987450.0
2011-08-04,6980550.0
2011-08-03,6973900.0
2011-08-02,6965950.0
2011-08-01,6958600.0
2011-07-31,6949850.0
2011-07-30,6941450.0
2011-07-29,6933850.0
2011-07-28,6925800.0
2011-07-27,6917450.0
2011-07-26,6908450.0
2011-07-25,6900000.0
2011-07-24,6892150.0
2011-07-23,6883350.0
2011-07-22,6876100.0
2011-07-21,6868950.0
2011-07-20,6861200.0
2011-07-19,6854050.0
2011-07-18,6845850.0
2011-07-17,6838200.0
2011-07-16,6829750.0
2011-07-15,6821800.0
2011-07-14,6813750.0
2011-07-13,6806050.0
2011-07-12,6796900.0
2011-07-11,6789700.0
2011-07-10,6782250.0
2011-07-09,6775050.0
2011-07-08,6767150.0
2011-07-07,6759800.0
2011-07-06,6753000.0
2011-07-05,6745200.0
2011-07-04,6737650.0
2011-07-03,6729450.0
2011-07-02,6721450.0
2011-07-01,6712700.0
2011-06-30,6703700.0
2011-06-29,6694650.0
2011-06-28,6685800.0
2011-06-27,6678150.0
2011-06-26,6670150.0
2011-06-25,6662400.0
2011-06-24,6654850.0
2011-06-23,6642850.0
2011-06-22,6630950.0
2011-06-21,6617450.0
2011-06-20,6605900.0
2011-06-19,6594300.0
2011-06-18,6583350.0
2011-06-17,6573250.0
2011-06-16,6564250.0
2011-06-15,6554200.0
2011-06-14,6540100.0
2011-06-13,6528850.0
2011-06-12,6516600.0
2011-06-11,6504700.0
2011-06-10,6493100.0
2011-06-09,6481800.0
2011-06-08,6471200.0
2011-06-07,6462050.0
2011-06-06,6453600.0
2011-06-05,6441100.0
2011-06-04,6430700.0
2011-06-03,6419900.0
2011-06-02,6409750.0
2011-06-01,6400250.0
2011-05-31,6391350.0
2011-05-30,6383850.0
2011-05-29,6376200.0
2011-05-28,6367550.0
2011-05-27,6359800.0
2011-05-26,6349900.0
2011-05-25,6334000.0
2011-05-24,6319400.0
2011-05-23,6304650.0
2011-05-22,6290800.0
2011-05-21,6278100.0
2011-05-20,6267450.0
2011-05-19,6256250.0
2011-05-18,6247200.0
2011-05-17,6233050.0
2011-05-16,6220050.0
2011-05-15,6208850.0
2011-05-14,6197450.0
2011-05-13,6185050.0
2011-05-12,6175000.0
2011-05-11,6166800.0
2011-05-10,6157450.0
2011-05-09,6147450.0
2011-05-08,6135000.0
2011-05-07,6124700.0
2011-05-06,6113750.0
2011-05-05,6103800.0
2011-05-04,6092400.0
2011-05-03,6083100.0
2011-05-02,6072750.0
2011-05-01,6063850.0
2011-04-30,6054050.0
2011-04-29,6044800.0
2011-04-28,6034700.0
2011-04-27,6026750.0
2011-04-26,6017250.0
2011-04-25,6007600.0
2011-04-24,5998200.0
2011-04-23,5990300.0
2011-04-22,5981800.0
2011-04-21,5973150.0
2011-04-20,5964900.0
2011-04-19,5957700.0
2011-04-18,5950650.0
2011-04-17,5942850.0
2011-04-16,5933950.0
2011-04-15,5925600.0
2011-04-14,5918850.0
2011-04-13,5910700.0
2011-04-12,5900650.0
2011-04-11,5892300.0
2011-04-10,5884600.0
2011-04-09,5876200.0
2011-04-08,5868250.0
2011-04-07,5860450.0
2011-04-06,5852350.0
2011-04-05,5845400.0
2011-04-04,5835300.0
2011-04-03,5826300.0
2011-04-02,5817950.0
2011-04-01,5808500.0
2011-03-31,5799750.0
2011-03-30,5789650.0
2011-03-29,5781850.0
2011-03-28,5774150.0
2011-03-27,5766000.0
2011-03-26,5758350.0
2011-03-25,5751300.0
2011-03-24,5743200.0
2011-03-23,5735600.0
2011-03-22,5728200.0
2011-03-21,5721900.0
2011-03-20,5714150.0
2011-03-19,5707900.0
2011-03-18,5702450.0
2011-03-17,5695550.0
2011-03-16,5689000.0
2011-03-15,5681700.0
2011-03-14,5676850.0
2011-03-13,5671000.0
2011-03-12,5665050.0
2011-03-11,5658200.0
2011-03-10,5651450.0
2011-03-09,5645500.0
2011-03-08,5637600.0
2011-03-07,5627950.0
2011-03-06,5616200.0
2011-03-05,5602700.0
2011-03-04,5589450.0
2011-03-03,5579500.0
2011-03-02,5570350.0
2011-03-01,5561900.0
2011-02-28,5555400.0
2011-02-27,5547050.0
2011-02-26,5533500.0
2011-02-25,5520950.0
2011-02-24,5509850.0
2011-02-23,5499150.0
2011-02-22,5487000.0
2011-02-21,5476400.0
2011-02-20,5467100.0
2011-02-19,5457700.0
2011-02-18,5448900.0
2011-02-17,5438100.0
2011-02-16,5426100.0
2011-02-15,5414550.0
2011-02-14,5403950.0
2011-02-13,5394650.0
2011-02-12,5384450.0
2011-02-11,5374950.0
2011-02-10,5365400.0
2011-02-09,5355950.0
2011-02-08,5346800.0
2011-02-07,5338200.0
2011-02-06,5327900.0
2011-02-05,5319150.0
2011-02-04,5310000.0
2011-02-03,5300500.0
2011-02-02,5293050.0
2011-02-01,5284950.0
2011-01-31,5276000.0
2011-01-30,5268500.0
2011-01-29,5260300.0
2011-01-28,5252800.0
2011-01-27,5244650.0
2011-01-26,5236650.0
2011-01-25,5226900.0
2011-01-24,5219100.0
2011-01-23,5210100.0
2011-01-22,5201600.0
2011-01-21,5193400.0
2011-01-20,5184500.0
2011-01-19,5176100.0
2011-01-18,5167250.0
2011-01-17,5159450.0
2011-01-16,5150800.0
2011-01-15,5142150.0
2011-01-14,5133550.0
2011-01-13,5124850.0
2011-01-12,5115600.0
2011-01-11,5107250.0
2011-01-10,5099150.0
2011-01-09,5090800.0
2011-01-08,5083200.0
2011-01-07,5073600.0
2011-01-06,5066400.0
2011-01-05,5059050.0
2011-01-04,5051550.0
2011-01-03,5044450.0
2011-01-02,5036250.0
2011-01-01,5027250.0
2010-12-31,5018350.0
2010-12-30,5010150.0
2010-12-29,5002150.0
2010-12-28,4993550.0
2010-12-27,4985100.0
2010-12-26,4977050.0
2010-12-25,4969700.0
2010-12-24,4961600.0
2010-12-23,4954100.0
2010-12-22,4946950.0
2010-12-21,4939050.0
2010-12-20,4929200.0
2010-12-19,4921250.0
2010-12-18,4912050.0
2010-12-17,4904150.0
2010-12-16,4895500.0
2010-12-15,4886200.0
2010-12-14,4877250.0
2010-12-13,4869100.0
2010-12-12,4861500.0
2010-12-11,4852800.0
2010-12-10,4844200.0
2010-12-09,4836700.0
2010-12-08,4824200.0
2010-12-07,4812650.0
2010-12-06,4801000.0
2010-12-05,4789000.0
2010-12-04,4777100.0
2010-12-03,4766150.0
2010-12-02,4756550.0
2010-12-01,4746900.0
2010-11-30,4738050.0
2010-11-29,4727550.0
2010-11-28,4716950.0
2010-11-27,4708650.0
2010-11-26,4699500.0
2010-11-25,4689350.0
2010-11-24,4681750.0
2010-11-23,4672500.0
2010-11-22,4665300.0
2010-11-21,4657300.0
2010-11-20,4650550.0
2010-11-19,4644800.0
2010-11-18,4636500.0
2010-11-17,4623350.0
2010-11-16,4610850.0
2010-11-15,4601800.0
2010-11-14,4590750.0
2010-11-13,4578850.0
2010-11-12,4567900.0
2010-11-11,4559350.0
2010-11-10,4547750.0
2010-11-09,4538100.0
2010-11-08,4526100.0
2010-11-07,4513050.0
2010-11-06,4500650.0
2010-11-05,4490550.0
2010-11-04,4479600.0
2010-11-03,4470050.0
2010-11-02,4460000.0
2010-11-01,4451600.0
2010-10-31,4442200.0
2010-10-30,4433100.0
2010-10-29,4421100.0
2010-10-28,4409350.0
2010-10-27,4398600.0
2010-10-26,4388000.0
2010-10-25,4375900.0
2010-10-24,4365400.0
2010-10-23,4355950.0
2010-10-22,4347250.0
2010-10-21,4339600.0
2010-10-20,4327950.0
2010-10-19,4316250.0
2010-10-18,4304100.0
2010-10-17,4291050.0
2010-10-16,4276950.0
2010-10-15,4265000.0
2010-10-14,4255750.0
2010-10-13,4246150.0
2010-10-12,4237700.0
2010-10-11,4229700.0
2010-10-10,4221450.0
2010-10-09,4212850.0
2010-10-08,4205200.0
2010-10-07,4197450.0
2010-10-06,4188800.0
2010-10-05,4181200.0
2010-10-04,4175050.0
2010-10-03,4167350.0
2010-10-02,4161300.0
2010-10-01,4155850.0
2010-09-30,4148050.0
2010-09-29,4141000.0
2010-09-28,4132150.0
2010-09-27,4121350.0
2010-09-26,4109450.0
2010-09-25,4099600.0
2010-09-24,4089500.0
2010-09-23,4077200.0
2010-09-22,4066600.0
2010-09-21,4057950.0
2010-09-20,4049100.0
2010-09-19,4038550.0
2010-09-18,4028050.0
2010-09-17,4016200.0
2010-09-16,4005400.0
2010-09-15,3995900.0
2010-09-14,3986500.0
2010-09-13,3976750.0
2010-09-12,3968550.0
2010-09-11,3959400.0
2010-09-10,3951300.0
2010-09-09,3942750.0
2010-09-08,3935200.0
2010-09-07,3927600.0
2010-09-06,3920050.0
2010-09-05,3911600.0
2010-09-04,3903500.0
2010-09-03,3894550.0
2010-09-02,3886550.0
2010-09-01,3879000.0
2010-08-31,3870200.0
2010-08-30,3861450.0
2010-08-29,3854000.0
2010-08-28,3846100.0
2010-08-27,3837150.0
2010-08-26,3828250.0
2010-08-25,3817850.0
2010-08-24,3806500.0
2010-08-23,3796250.0
2010-08-22,3785400.0
2010-08-21,3775450.0
2010-08-20,3766250.0
2010-08-19,3757900.0
2010-08-18,3750900.0
2010-08-17,3744250.0
2010-08-16,3737700.0
2010-08-15,3731900.0
2010-08-14,3718150.0
2010-08-13,3705100.0
2010-08-12,3694250.0
2010-08-11,3683350.0
2010-08-10,3672500.0
2010-08-09,3662150.0
2010-08-08,3652700.0
2010-08-07,3643100.0
2010-08-06,3636000.0
2010-08-05,3627950.0
2010-08-04,3615750.0
2010-08-03,3604350.0
2010-08-02,3592950.0
2010-08-01,3580250.0
2010-07-31,3569200.0
2010-07-30,3559750.0
2010-07-29,3550650.0
2010-07-28,3541900.0
2010-07-27,3533800.0
2010-07-26,3525050.0
2010-07-25,3512050.0
2010-07-24,3501350.0
2010-07-23,3492100.0
2010-07-22,3482400.0
2010-07-21,3473050.0
2010-07-20,3462950.0
2010-07-19,3454050.0
2010-07-18,3445850.0
2010-07-17,3436900.0
2010-07-16,3427750.0
2010-07-15,3397850.0
2010-07-14,3366650.0
2010-07-13,3337950.0
2010-07-12,3300750.0
2010-07-11,3275100.0
2010-07-10,3266250.0
2010-07-09,3256500.0
2010-07-08,3247050.0
2010-07-07,3239150.0
2010-07-06,3231450.0
2010-07-05,3223050.0
2010-07-04,3214250.0
2010-07-03,3204950.0
2010-07-02,3194950.0
2010-07-01,3186200.0
2010-06-30,3175800.0
2010-06-29,3166600.0
2010-06-28,3158550.0
2010-06-27,3150400.0
2010-06-26,3142450.0
2010-06-25,3134300.0
2010-06-24,3126700.0
2010-06-23,3117600.0
2010-06-22,3109050.0
2010-06-21,3101150.0
2010-06-20,3093050.0
2010-06-19,3084400.0
2010-06-18,3076500.0
2010-06-17,3069100.0
2010-06-16,3061950.0
2010-06-15,3054600.0
2010-06-14,3044800.0
2010-06-13,3037200.0
2010-06-12,3029150.0
2010-06-11,3022300.0
2010-06-10,3013900.0
2010-06-09,3005550.0
2010-06-08,2997450.0
2010-06-07,2989550.0
2010-06-06,2981750.0
2010-06-05,2974200.0
2010-06-04,2967250.0
2010-06-03,2960600.0
2010-06-02,2952750.0
2010-06-01,2946100.0
2010-05-31,2939450.0
2010-05-30,2931850.0
2010-05-29,2924300.0
2010-05-28,2914450.0
2010-05-27,2903500.0
2010-05-26,2893750.0
2010-05-25,2883150.0
2010-05-24,2872400.0
2010-05-23,2862900.0
2010-05-22,2852150.0
2010-05-21,2842550.0
2010-05-20,2833300.0
2010-05-19,2824150.0
2010-05-18,2816050.0
2010-05-17,2807650.0
2010-05-16,2800450.0
2010-05-15,2795650.0
2010-05-14,2790350.0
2010-05-13,2784350.0
2010-05-12,2777850.0
2010-05-11,2771800.0
2010-05-10,2766050.0
2010-05-09,2759200.0
2010-05-08,2752100.0
2010-05-07,2744700.0
2010-05-06,2738150.0
2010-05-05,2730600.0
2010-05-04,2723300.0
2010-05-03,2716800.0
2010-05-02,2708800.0
2010-05-01,2700300.0
2010-04-30,2692150.0
2010-04-29,2684500.0
2010-04-28,2676550.0
2010-04-27,2667800.0
2010-04-26,2659300.0
2010-04-25,2650800.0
2010-04-24,2642350.0
2010-04-23,2635000.0
2010-04-22,2627500.0
2010-04-21,2618650.0
2010-04-20,2607600.0
2010-04-19,2597350.0
2010-04-18,2586500.0
2010-04-17,2573250.0
2010-04-16,2562750.0
2010-04-15,2552650.0
2010-04-14,2542350.0
2010-04-13,2532350.0
2010-04-12,2524100.0
2010-04-11,2513250.0
2010-04-10,2501300.0
2010-04-09,2489300.0
2010-04-08,2480450.0
2010-04-07,2470700.0
2010-04-06,2461050.0
2010-04-05,2453800.0
2010-04-04,2445500.0
2010-04-03,2437200.0
2010-04-02,2428900.0
2010-04-01,2421500.0
2010-03-31,2412050.0
2010-03-30,2401700.0
2010-03-29,2391150.0
2010-03-28,2381550.0
2010-03-27,2371850.0
2010-03-26,2363150.0
2010-03-25,2353400.0
2010-03-24,2344100.0
2010-03-23,2335400.0
2010-03-22,2325150.0
2010-03-21,2316300.0
2010-03-20,2307250.0
2010-03-19,2297600.0
2010-03-18,2290950.0
2010-03-17,2283150.0
2010-03-16,2277000.0
2010-03-15,2270200.0
2010-03-14,2264000.0
2010-03-13,2257750.0
2010-03-12,2249850.0
2010-03-11,2243950.0
2010-03-10,2236650.0
2010-03-09,2229200.0
2010-03-08,2221800.0
2010-03-07,2215000.0
2010-03-06,2206350.0
2010-03-05,2197200.0
2010-03-04,2188450.0
2010-03-03,2179350.0
2010-03-02,2171950.0
2010-03-01,2162150.0
2010-02-28,2152850.0
2010-02-27,2144750.0
2010-02-26,2136100.0
2010-02-25,2127600.0
2010-02-24,2120200.0
2010-02-23,2110700.0
2010-02-22,2098150.0
2010-02-21,2085400.0
2010-02-20,2074700.0
2010-02-19,2063600.0
2010-02-18,2054650.0
2010-02-17,2043200.0
2010-02-16,2031600.0
2010-02-15,2022850.0
2010-02-14,2013600.0
2010-02-13,2003300.0
2010-02-12,1992100.0
2010-02-11,1982750.0
2010-02-10,1973850.0
2010-02-09,1965900.0
2010-02-08,1955450.0
2010-02-07,1944900.0
2010-02-06,1934550.0
2010-02-05,1925000.0
2010-02-04,1912750.0
2010-02-03,1901200.0
2010-02-02,1889050.0
2010-02-01,1881950.0
2010-01-31,1873000.0
2010-01-30,1862700.0
2010-01-29,1853700.0
2010-01-28,1844050.0
2010-01-27,1835400.0
2010-01-26,1826550.0
2010-01-25,1816450.0
2010-01-24,1806300.0
2010-01-23,1799050.0
2010-01-22,1791500.0
2010-01-21,1784000.0
2010-01-20,1775100.0
2010-01-19,1768100.0
2010-01-18,1762150.0
2010-01-17,1755650.0
2010-01-16,1749500.0
2010-01-15,1742800.0
2010-01-14,1736000.0
2010-01-13,1728100.0
2010-01-12,1720200.0
2010-01-11,1711900.0
2010-01-10,1704200.0
2010-01-09,1694650.0
2010-01-08,1687250.0
2010-01-07,1679750.0
2010-01-06,1671800.0
2010-01-05,1663900.0
2010-01-04,1653500.0
2010-01-03,1644000.0
2010-01-02,1635850.0
2010-01-01,1629350.0
2009-12-31,1623400.0
2009-12-30,1615900.0
2009-12-29,1608100.0
2009-12-28,1599900.0
2009-12-27,1593000.0
2009-12-26,1584550.0
2009-12-25,1576600.0
2009-12-24,1568750.0
2009-12-23,1561550.0
2009-12-22,1553100.0
2009-12-21,1545500.0
2009-12-20,1536150.0
2009-12-19,1527400.0
2009-12-18,1516200.0
2009-12-17,1506200.0
2009-12-16,1498150.0
2009-12-15,1492200.0
2009-12-14,1486400.0
2009-12-13,1481000.0
2009-12-12,1475800.0
2009-12-11,1470750.0
2009-12-10,1464500.0
2009-12-09,1459350.0
2009-12-08,1454650.0
2009-12-07,1448700.0
2009-12-06,1444000.0
2009-12-05,1438750.0
2009-12-04,1436150.0
2009-12-03,1433700.0
2009-12-02,1429450.0
2009-12-01,1424550.0
2009-11-30,1421250.0
2009-11-29,1417550.0
2009-11-28,1414650.0
2009-11-27,1410750.0
2009-11-26,1407000.0
2009-11-25,1403100.0
2009-11-24,1398850.0
2009-11-23,1393750.0
2009-11-22,1388950.0
2009-11-21,1383950.0
2009-11-20,1380100.0
2009-11-19,1376000.0
2009-11-18,1372350.0
2009-11-17,1368400.0
2009-11-16,1363850.0
2009-11-15,1358850.0
2009-11-14,1354050.0
2009-11-13,1349900.0
2009-11-12,1346400.0
2009-11-11,1342900.0
2009-11-10,1339450.0
2009-11-09,1335900.0
2009-11-08,1332650.0
2009-11-07,1329150.0
2009-11-06,1325350.0
2009-11-05,1322900.0
2009-11-04,1319700.0
2009-11-03,1316600.0
2009-11-02,1313750.0
2009-11-01,1312100.0
2009-10-31,1310600.0
2009-10-30,1308350.0
2009-10-29,1305300.0
2009-10-28,1302800.0
2009-10-27,1299600.0
2009-10-26,1296300.0
2009-10-25,1293050.0
2009-10-24,1289400.0
2009-10-23,1285650.0
2009-10-22,1281300.0
2009-10-21,1277000.0
2009-10-20,1272850.0
2009-10-19,1267300.0
2009-10-18,1262350.0
2009-10-17,1259150.0
2009-10-16,1256400.0
2009-10-15,1253150.0
2009-10-14,1248900.0
2009-10-13,1246100.0
2009-10-12,1243550.0
2009-10-11,1240450.0
2009-10-10,1236500.0
2009-10-09,1232650.0
2009-10-08,1228750.0
2009-10-07,1225250.0
2009-10-06,1222700.0
2009-10-05,1220650.0
2009-10-04,1217750.0
2009-10-03,1214700.0
2009-10-02,1211800.0
2009-10-01,1208050.0
2009-09-30,1203800.0
2009-09-29,1199450.0
2009-09-28,1195300.0
2009-09-27,1190900.0
2009-09-26,1186450.0
2009-09-25,1181750.0
2009-09-24,1176750.0
2009-09-23,1172650.0
2009-09-22,1171300.0
2009-09-21,1169600.0
2009-09-20,1165900.0
2009-09-19,1161950.0
2009-09-18,1158400.0
2009-09-17,1154350.0
2009-09-16,1150200.0
2009-09-15,1147300.0
2009-09-14,1144500.0
2009-09-13,1140450.0
2009-09-12,1136950.0
2009-09-11,1133400.0
2009-09-10,1130000.0
2009-09-09,1126950.0
2009-09-08,1124050.0
2009-09-07,1120750.0
2009-09-06,1116850.0
2009-09-05,1113250.0
2009-09-04,1109700.0
2009-09-03,1106550.0
2009-09-02,1103550.0
2009-09-01,1100150.0
2009-08-31,1096200.0
2009-08-30,1091500.0
2009-08-29,1087000.0
2009-08-28,1082850.0
2009-08-27,1079650.0
2009-08-26,1078150.0
2009-08-25,1076050.0
2009-08-24,1073300.0
2009-08-23,1072900.0
2009-08-22,1072300.0
2009-08-21,1071900.0
2009-08-20,1071100.0
2009-08-19,1069900.0
2009-08-18,1069150.0
2009-08-17,1068700.0
2009-08-16,1067850.0
2009-08-15,1066600.0
2009-08-14,1064900.0
2009-08-13,1061650.0
2009-08-12,1057600.0
2009-08-11,1054200.0
2009-08-10,1050850.0
2009-08-09,1046750.0
2009-08-08,1041850.0
2009-08-07,1037750.0
2009-08-06,1034050.0
2009-08-05,1029250.0
2009-08-04,1024700.0
2009-08-03,1021800.0
2009-08-02,1021050.0
2009-08-01,1019550.0
2009-07-31,1018400.0
2009-07-30,1017800.0
2009-07-29,1017100.0
2009-07-28,1015500.0
2009-07-27,1013300.0
2009-07-26,1010100.0
2009-07-25,1009450.0
2009-07-24,1006800.0
2009-07-23,1003050.0
2009-07-22,999750.0
2009-07-21,996300.0
2009-07-20,992600.0
2009-07-19,988850.0
2009-07-18,986250.0
2009-07-17,986100.0
2009-07-16,982850.0
2009-07-15,979400.0
2009-07-14,977100.0
2009-07-13,973500.0
2009-07-12,969700.0
2009-07-11,965900.0
2009-07-10,961700.0
2009-07-09,957600.0
2009-07-08,953550.0
2009-07-07,949600.0
2009-07-06,946450.0
2009-07-05,941900.0
2009-07-04,937900.0
2009-07-03,933450.0
2009-07-02,929300.0
2009-07-01,925700.0
2009-06-30,921550.0
2009-06-29,917200.0
2009-06-28,913400.0
2009-06-27,910850.0
2009-06-26,906600.0
2009-06-25,902150.0
2009-06-24,898450.0
2009-06-23,894200.0
2009-06-22,890400.0
2009-06-21,886400.0
2009-06-20,882650.0
2009-06-19,878450.0
2009-06-18,874100.0
2009-06-17,870050.0
2009-06-16,866200.0
2009-06-15,862550.0
2009-06-14,858450.0
2009-06-13,854950.0
2009-06-12,851250.0
2009-06-11,846700.0
2009-06-10,842050.0
2009-06-09,837900.0
2009-06-08,833200.0
2009-06-07,829600.0
2009-06-06,829400.0
2009-06-05,828200.0
2009-06-04,825350.0
2009-06-03,823400.0
2009-06-02,818500.0
2009-06-01,814050.0
2009-05-31,810400.0
2009-05-30,804500.0
2009-05-29,799350.0
2009-05-28,794000.0
2009-05-27,788850.0
2009-05-26,782600.0
2009-05-25,776950.0
2009-05-24,771350.0
2009-05-23,766550.0
2009-05-22,766200.0
2009-05-21,762050.0
2009-05-20,757600.0
2009-05-19,752400.0
2009-05-18,747400.0
2009-05-17,741200.0
2009-05-16,734950.0
2009-05-15,729250.0
2009-05-14,722100.0
2009-05-13,715450.0
2009-05-12,709700.0
2009-05-11,703350.0
2009-05-10,697400.0
2009-05-09,694300.0
2009-05-08,689750.0
2009-05-07,683650.0
2009-05-06,677600.0
2009-05-05,670750.0
2009-05-04,664150.0
2009-05-03,658050.0
2009-05-02,652350.0
2009-05-01,646200.0
2009-04-30,640050.0
2009-04-29,633450.0
2009-04-28,627300.0
2009-04-27,621450.0
2009-04-26,616200.0
2009-04-25,610750.0
2009-04-24,604650.0
2009-04-23,599000.0
2009-04-22,595000.0
2009-04-21,588950.0
2009-04-20,582800.0
2009-04-19,576950.0
2009-04-18,571000.0
2009-04-17,564900.0
2009-04-16,559150.0
2009-04-15,553000.0
2009-04-14,547400.0
2009-04-13,541050.0
2009-04-12,535300.0
2009-04-11,529550.0
2009-04-10,523450.0
2009-04-09,518300.0
2009-04-08,513350.0
2009-04-07,508150.0
2009-04-06,503200.0
2009-04-05,497450.0
2009-04-04,491000.0
2009-04-03,485350.0
2009-04-02,479700.0
2009-04-01,473700.0
2009-03-31,468350.0
2009-03-30,462700.0
2009-03-29,456450.0
2009-03-28,450850.0
2009-03-27,444900.0
2009-03-26,439400.0
2009-03-25,433750.0
2009-03-24,427950.0
2009-03-23,422700.0
2009-03-22,416100.0
2009-03-21,411350.0
2009-03-20,407500.0
2009-03-19,401600.0
2009-03-18,395500.0
2009-03-17,390000.0
2009-03-16,384250.0
2009-03-15,377750.0
2009-03-14,372200.0
2009-03-13,366400.0
2009-03-12,360700.0
2009-03-11,354800.0
2009-03-10,349400.0
2009-03-09,344150.0
2009-03-08,338500.0
2009-03-07,332900.0
2009-03-06,327350.0
2009-03-05,321450.0
2009-03-04,316150.0
2009-03-03,310850.0
2009-03-02,305550.0
2009-03-01,300350.0
2009-02-28,295050.0
2009-02-27,289950.0
2009-02-26,283800.0
2009-02-25,279000.0
2009-02-24,273650.0
2009-02-23,268100.0
2009-02-22,262750.0
2009-02-21,256700.0
2009-02-20,251200.0
2009-02-19,244800.0
2009-02-18,238950.0
2009-02-17,232750.0
2009-02-16,226850.0
2009-02-15,220700.0
2009-02-14,214600.0
2009-02-13,207550.0
2009-02-12,201350.0
2009-02-11,195450.0
2009-02-10,188900.0
2009-02-09,182550.0
2009-02-08,176150.0
2009-02-07,169450.0
2009-02-06,163150.0
2009-02-05,156700.0
2009-02-04,150650.0
2009-02-03,144500.0
2009-02-02,137700.0
2009-02-01,131350.0
2009-01-31,125550.0
2009-01-30,119100.0
2009-01-29,113050.0
2009-01-28,106950.0
2009-01-27,101800.0
2009-01-26,96650.0
2009-01-25,90850.0
2009-01-24,81150.0
2009-01-23,71200.0
2009-01-22,67850.0
2009-01-21,64100.0
2009-01-20,58450.0
2009-01-19,52650.0
2009-01-18,46700.0
2009-01-17,41650.0
2009-01-16,36250.0
2009-01-15,30450.0
2009-01-14,24100.0
2009-01-13,17800.0
2009-01-12,12050.0
2009-01-11,7600.0
2009-01-10,2300.0
2009-01-09,750.0
2009-01-08,50.0
2009-01-07,50.0
2009-01-06,50.0
2009-01-05,50.0
2009-01-04,50.0
2009-01-03,50.0
