Date,Unique Address Total Count,Unique Address Receive Count,Unique Address Sent Count
07/30/2015,8894,1,8893
07/31/2015,0,0,0
08/01/2015,0,0,0
08/02/2015,0,0,0
08/03/2015,0,0,0
08/04/2015,0,0,0
08/05/2015,0,0,0
08/06/2015,0,0,0
08/07/2015,1087,784,609
08/08/2015,827,605,477
08/09/2015,733,462,500
08/10/2015,1002,821,763
08/11/2015,2343,2132,2112
08/12/2015,907,581,685
08/13/2015,1275,872,993
08/14/2015,1595,1115,1188
08/15/2015,1314,857,1064
08/16/2015,1203,765,989
08/17/2015,1250,816,1000
08/18/2015,1295,834,1048
08/19/2015,1351,823,1148
08/20/2015,1168,658,992
08/21/2015,1426,913,1231
08/22/2015,1415,840,1242
08/23/2015,1571,885,1417
08/24/2015,1437,873,1290
08/25/2015,1581,951,1406
08/26/2015,1528,883,1393
08/27/2015,1592,929,1427
08/28/2015,1532,919,1376
08/29/2015,1376,839,1248
08/30/2015,1625,931,1495
08/31/2015,1516,947,1386
09/01/2015,1556,916,1432
09/02/2015,1515,875,1400
09/03/2015,1449,778,1343
09/04/2015,1451,761,1355
09/05/2015,1487,830,1388
09/06/2015,1588,965,1406
09/07/2015,1633,969,1511
09/08/2015,1546,1003,1408
09/09/2015,1544,980,1428
09/10/2015,1540,989,1406
09/11/2015,1702,1088,1578
09/12/2015,1545,942,1443
09/13/2015,1599,954,1482
09/14/2015,1623,1013,1523
09/15/2015,1487,906,1380
09/16/2015,1511,920,1388
09/17/2015,1518,982,1389
09/18/2015,1463,891,1349
09/19/2015,1368,840,1270
09/20/2015,1467,904,1368
09/21/2015,1522,988,1406
09/22/2015,1536,1001,1401
09/23/2015,1738,969,1657
09/24/2015,1570,1004,1474
09/25/2015,1537,974,1436
09/26/2015,1421,890,1342
09/27/2015,1418,907,1335
09/28/2015,1546,1003,1442
09/29/2015,1533,962,1384
09/30/2015,1491,924,1376
10/01/2015,1474,947,1329
10/02/2015,1376,857,1286
10/03/2015,1390,890,1291
10/04/2015,1394,872,1295
10/05/2015,1410,871,1336
10/06/2015,1416,907,1315
10/07/2015,1374,881,1297
10/08/2015,1331,865,1243
10/09/2015,1367,868,1290
10/10/2015,1267,793,1205
10/11/2015,1301,840,1212
10/12/2015,1336,832,1257
10/13/2015,1476,846,1400
10/14/2015,1567,956,1447
10/15/2015,1497,876,1391
10/16/2015,1367,882,1275
10/17/2015,1356,867,1251
10/18/2015,1346,818,1247
10/19/2015,1453,842,1359
10/20/2015,1315,837,1227
10/21/2015,1522,873,1428
10/22/2015,1390,849,1268
10/23/2015,1524,957,1404
10/24/2015,1636,869,1555
10/25/2015,1498,918,1393
10/26/2015,1656,987,1568
10/27/2015,1707,1150,1545
10/28/2015,1701,1167,1562
10/29/2015,1975,1269,1812
10/30/2015,2220,1315,2093
10/31/2015,1988,1222,1893
11/01/2015,2132,1157,2042
11/02/2015,2040,1332,1897
11/03/2015,2067,1249,1957
11/04/2015,2040,1241,1907
11/05/2015,1915,1288,1768
11/06/2015,1808,1241,1683
11/07/2015,2068,1176,1978
11/08/2015,2272,1188,2175
11/09/2015,2061,1342,1910
11/10/2015,1827,1270,1725
11/11/2015,2034,1260,1937
11/12/2015,1808,1215,1710
11/13/2015,1806,1194,1715
11/14/2015,1798,1240,1699
11/15/2015,1760,1219,1686
11/16/2015,1868,1272,1765
11/17/2015,1902,1306,1803
11/18/2015,1860,1304,1758
11/19/2015,1865,1280,1763
11/20/2015,1764,1068,1685
11/21/2015,1711,1097,1605
11/22/2015,2016,1027,1922
11/23/2015,1739,1137,1629
11/24/2015,1821,1127,1722
11/25/2015,1711,1123,1625
11/26/2015,1805,1140,1729
11/27/2015,1661,1030,1594
11/28/2015,1652,1047,1584
11/29/2015,1667,1078,1599
11/30/2015,1783,1006,1697
12/01/2015,1764,982,1685
12/02/2015,1674,938,1608
12/03/2015,1759,1000,1667
12/04/2015,1743,965,1640
12/05/2015,1717,994,1641
12/06/2015,2007,1314,1726
12/07/2015,1953,1290,1717
12/08/2015,1758,1120,1663
12/09/2015,1749,1107,1652
12/10/2015,1780,1093,1690
12/11/2015,1788,1134,1698
12/12/2015,2153,1510,2038
12/13/2015,1968,1288,1771
12/14/2015,2187,1511,1786
12/15/2015,2165,1487,1742
12/16/2015,2154,1496,1743
12/17/2015,2403,1672,2005
12/18/2015,2185,1479,2038
12/19/2015,2189,1532,1812
12/20/2015,2210,1494,1840
12/21/2015,2316,1570,1915
12/22/2015,2313,1580,1873
12/23/2015,2216,1494,1854
12/24/2015,2236,1492,1863
12/25/2015,2160,1434,1808
12/26/2015,2285,1499,1968
12/27/2015,2216,1445,1864
12/28/2015,2424,1618,2010
12/29/2015,2394,1557,1990
12/30/2015,2364,1469,1939
12/31/2015,2579,1712,2082
01/01/2016,2351,1536,1968
01/02/2016,2411,1619,1975
01/03/2016,2455,1618,2031
01/04/2016,2539,1629,2125
01/05/2016,2535,1631,2116
01/06/2016,2646,1677,2221
01/07/2016,2684,1728,2406
01/08/2016,2611,1646,2306
01/09/2016,2625,1684,2219
01/10/2016,2798,1842,2292
01/11/2016,2951,1873,2501
01/12/2016,2987,1998,2533
01/13/2016,2816,1772,2366
01/14/2016,2753,1727,2360
01/15/2016,3126,1968,2644
01/16/2016,2666,1545,2494
01/17/2016,2579,1433,2448
01/18/2016,3051,1665,2855
01/19/2016,2846,1547,2652
01/20/2016,3351,2036,2825
01/21/2016,2902,1545,2759
01/22/2016,2978,1599,2841
01/23/2016,3410,1878,3177
01/24/2016,3823,2112,3481
01/25/2016,4040,2226,3736
01/26/2016,4329,2350,4003
01/27/2016,4056,2080,3774
01/28/2016,4466,2090,4205
01/29/2016,4323,2021,4090
01/30/2016,4341,1992,4128
01/31/2016,4392,2100,4170
02/01/2016,4200,2063,3949
02/02/2016,4167,2011,3923
02/03/2016,4328,2027,4106
02/04/2016,4078,1991,3844
02/05/2016,4699,2046,4511
02/06/2016,3840,1949,3640
02/07/2016,4055,2142,3783
02/08/2016,4497,2318,4161
02/09/2016,4757,2479,4403
02/10/2016,6032,3265,5270
02/11/2016,7682,3390,7177
02/12/2016,6485,3304,5868
02/13/2016,6066,3071,5552
02/14/2016,5550,2653,5083
02/15/2016,5686,2765,5212
02/16/2016,5689,2749,5293
02/17/2016,5730,2698,5319
02/18/2016,5538,2726,5143
02/19/2016,5532,2653,5236
02/20/2016,5229,2526,4949
02/21/2016,6288,3466,6043
02/22/2016,6009,3034,5567
02/23/2016,6049,2987,5646
02/24/2016,6037,2886,5668
02/25/2016,6600,3283,6116
02/26/2016,5928,2993,5513
02/27/2016,5919,3068,5554
02/28/2016,6499,3407,6170
02/29/2016,7116,4015,6681
03/01/2016,7659,4322,7213
03/02/2016,8545,4494,7927
03/03/2016,9065,4818,8401
03/04/2016,8979,4846,8408
03/05/2016,10061,5758,9268
03/06/2016,9726,5361,9087
03/07/2016,8044,4490,7435
03/08/2016,9472,5372,8450
03/09/2016,9249,4937,8718
03/10/2016,9813,5459,9194
03/11/2016,9482,5184,7992
03/12/2016,9981,5114,9239
03/13/2016,10165,5033,9366
03/14/2016,10423,5044,9697
03/15/2016,10370,4864,9580
03/16/2016,9656,4550,9050
03/17/2016,10288,5014,9655
03/18/2016,10764,5359,9995
03/19/2016,9581,4440,9051
03/20/2016,10077,4571,9541
03/21/2016,10321,5090,9590
03/22/2016,9781,4498,9334
03/23/2016,10094,4591,9600
03/24/2016,10069,4445,9572
03/25/2016,10032,4275,9592
03/26/2016,9849,4094,9459
03/27/2016,10650,4678,10062
03/28/2016,10799,4772,10289
03/29/2016,12292,6025,10759
03/30/2016,12463,6119,11614
03/31/2016,11296,4856,10736
04/01/2016,10957,4607,10469
04/02/2016,10762,4354,10353
04/03/2016,10813,4315,10400
04/04/2016,11664,4934,11101
04/05/2016,12096,4977,11455
04/06/2016,11879,4939,11323
04/07/2016,11757,4808,11271
04/08/2016,11564,4650,11023
04/09/2016,11977,4944,11305
04/10/2016,12827,5396,11944
04/11/2016,12058,4779,11472
04/12/2016,12595,5043,11975
04/13/2016,12905,5412,12041
04/14/2016,12319,5026,11660
04/15/2016,11839,4603,11459
04/16/2016,11886,4514,11517
04/17/2016,12505,5092,12039
04/18/2016,12490,5037,12057
04/19/2016,12427,4905,12011
04/20/2016,12679,5024,12221
04/21/2016,12672,4975,12215
04/22/2016,12803,5084,12308
04/23/2016,12584,4906,12145
04/24/2016,12692,5054,12261
04/25/2016,13185,5296,12705
04/26/2016,13372,5401,12791
04/27/2016,13231,5356,12765
04/28/2016,12993,5127,12517
04/29/2016,14985,7572,12535
04/30/2016,19625,8108,18327
05/01/2016,14504,7003,13407
05/02/2016,17590,8040,16534
05/03/2016,14875,7336,13847
05/04/2016,14517,6873,13685
05/05/2016,14754,6954,13942
05/06/2016,14564,6964,13728
05/07/2016,14188,6651,13406
05/08/2016,14766,7108,14032
05/09/2016,15277,7431,14354
05/10/2016,15296,7553,14254
05/11/2016,16737,8714,15498
05/12/2016,17110,8878,15655
05/13/2016,18490,10443,16368
05/14/2016,16645,9197,15044
05/15/2016,16088,7912,15290
05/16/2016,15263,7676,14201
05/17/2016,16885,8305,15830
05/18/2016,19510,8916,18234
05/19/2016,18335,9178,16934
05/20/2016,17303,8604,16155
05/21/2016,16644,7746,15833
05/22/2016,15543,6923,14798
05/23/2016,18110,9050,17039
05/24/2016,17254,8614,16106
05/25/2016,17710,8385,16747
05/26/2016,24304,15526,16200
05/27/2016,19767,10181,18500
05/28/2016,25573,15936,23160
05/29/2016,18728,8730,17451
05/30/2016,17502,8560,16055
05/31/2016,18220,9019,16783
06/01/2016,17481,8269,16179
06/02/2016,17325,7750,16203
06/03/2016,16848,7788,15882
06/04/2016,16496,7140,15623
06/05/2016,16430,7142,15678
06/06/2016,17410,7645,16470
06/07/2016,17193,7946,16142
06/08/2016,17781,7920,16636
06/09/2016,17199,7516,16241
06/10/2016,17682,7726,16630
06/11/2016,14569,6860,13701
06/12/2016,18481,8032,17381
06/13/2016,21159,9846,19690
06/14/2016,21346,10026,19669
06/15/2016,19198,8709,17908
06/16/2016,17847,9481,16077
06/17/2016,26407,14035,22708
06/18/2016,24516,12578,21457
06/19/2016,21472,9786,19842
06/20/2016,20551,9011,19173
06/21/2016,20631,9567,18689
06/22/2016,22427,10424,20525
06/23/2016,19009,8468,17832
06/24/2016,19562,8086,18442
06/25/2016,17645,7431,16614
06/26/2016,21209,7304,20344
06/27/2016,18470,7521,17587
06/28/2016,20244,8614,19032
06/29/2016,19018,8361,17954
06/30/2016,19130,7569,18220
07/01/2016,18578,7672,17593
07/02/2016,19154,7835,18372
07/03/2016,18784,7822,17976
07/04/2016,19746,8322,18723
07/05/2016,19620,8508,18515
07/06/2016,18934,8198,18018
07/07/2016,19141,8159,18214
07/08/2016,19848,8147,18854
07/09/2016,19190,7870,18224
07/10/2016,19177,7462,18498
07/11/2016,18952,7842,18097
07/12/2016,19670,7855,18833
07/13/2016,17212,7644,16155
07/14/2016,19793,8201,18909
07/15/2016,19468,8093,18394
07/16/2016,18614,6947,17866
07/17/2016,16017,6395,15231
07/18/2016,17856,7364,16769
07/19/2016,25051,17576,13714
07/20/2016,22502,10739,19538
07/21/2016,21054,9739,18526
07/22/2016,23022,10693,20877
07/23/2016,20894,9679,18849
07/24/2016,26650,14526,21968
07/25/2016,23722,11796,21400
07/26/2016,29192,17544,24356
07/27/2016,27088,13810,23203
07/28/2016,23697,12498,21123
07/29/2016,21509,10422,19935
07/30/2016,20210,8869,18911
07/31/2016,21059,9959,19647
08/01/2016,21248,10417,19374
08/02/2016,19845,12767,16506
08/03/2016,22256,10646,19509
08/04/2016,21443,10180,19859
08/05/2016,20390,8872,18964
08/06/2016,19234,8603,17889
08/07/2016,19759,8686,18418
08/08/2016,19724,9553,18229
08/09/2016,21994,10442,20231
08/10/2016,20365,9383,19041
08/11/2016,21935,10899,20082
08/12/2016,19484,8698,18391
08/13/2016,19018,8018,18146
08/14/2016,19172,8625,17915
08/15/2016,19571,8765,18550
08/16/2016,20537,9739,18511
08/17/2016,19660,8748,18566
08/18/2016,19253,8694,18279
08/19/2016,19624,8731,18612
08/20/2016,19382,9032,18034
08/21/2016,19699,8761,18506
08/22/2016,19708,8207,18802
08/23/2016,21173,9997,19434
08/24/2016,19583,9029,18418
08/25/2016,21112,10088,19593
08/26/2016,19679,9270,18387
08/27/2016,19502,9602,18448
08/28/2016,19830,9020,18733
08/29/2016,20792,9858,19250
08/30/2016,19917,9348,18647
08/31/2016,21451,10071,20084
09/01/2016,21668,11066,19685
09/02/2016,21088,10322,19556
09/03/2016,19984,9134,18821
09/04/2016,19904,8927,18850
09/05/2016,19960,8977,18877
09/06/2016,20370,9099,19326
09/07/2016,19323,9238,17613
09/08/2016,22084,10872,20192
09/09/2016,20206,9202,18669
09/10/2016,19826,8857,18606
09/11/2016,20445,9270,19121
09/12/2016,20886,9447,19543
09/13/2016,20414,9440,19069
09/14/2016,20042,9651,18705
09/15/2016,20833,9393,19547
09/16/2016,21106,10321,19451
09/17/2016,20923,9726,19488
09/18/2016,19347,8454,18253
09/19/2016,20830,7844,19557
09/20/2016,24175,13687,21556
09/21/2016,20489,12322,17466
09/22/2016,17296,8355,16011
09/23/2016,17914,8833,16541
09/24/2016,18318,9221,16696
09/25/2016,17661,8998,16277
09/26/2016,17635,8939,16104
09/27/2016,17159,9146,15862
09/28/2016,18571,9047,17177
09/29/2016,17897,10178,16108
09/30/2016,17202,10391,15146
10/01/2016,19366,8676,18134
10/02/2016,20007,10504,17946
10/03/2016,18293,9178,17056
10/04/2016,15589,7145,13943
10/05/2016,16327,7168,14950
10/06/2016,16706,8004,14257
10/07/2016,19029,9406,17479
10/08/2016,18762,9640,15763
10/09/2016,19074,10654,17382
10/10/2016,20223,10621,18693
10/11/2016,17386,9349,15790
10/12/2016,11626,5413,10466
10/13/2016,9198,3686,8388
10/14/2016,15842,8047,14294
10/15/2016,12335,6442,10794
10/16/2016,14401,7603,12886
10/17/2016,16767,8437,15216
10/18/2016,20528,11698,16867
10/19/2016,14107,6927,12743
10/20/2016,20555,11255,17457
10/21/2016,22990,12002,21892
10/22/2016,18589,10044,15606
10/23/2016,17439,9598,14815
10/24/2016,18484,8964,17342
10/25/2016,18401,9037,16948
10/26/2016,18399,9163,17058
10/27/2016,18313,9360,16774
10/28/2016,18206,9551,16629
10/29/2016,16901,8789,15450
10/30/2016,15098,8222,13532
10/31/2016,19726,10638,18110
11/01/2016,20015,11620,15785
11/02/2016,20913,8578,19083
11/03/2016,19179,9927,16220
11/04/2016,13170,6858,11729
11/05/2016,16309,8247,15108
11/06/2016,14776,7169,13462
11/07/2016,17921,8895,16052
11/08/2016,16645,8586,15284
11/09/2016,17126,8954,15642
11/10/2016,15688,7455,14566
11/11/2016,17430,8728,15763
11/12/2016,16063,8326,14696
11/13/2016,17387,9463,15302
11/14/2016,15701,7635,14397
11/15/2016,16875,8371,15436
11/16/2016,15618,7837,14310
11/17/2016,15677,7807,14265
11/18/2016,16189,8083,15041
11/19/2016,15538,7433,14551
11/20/2016,16204,7764,15127
11/21/2016,15918,7980,14711
11/22/2016,29347,21813,14878
11/23/2016,38706,30063,15427
11/24/2016,15831,5263,14973
11/25/2016,29251,22868,11719
11/26/2016,14433,5799,13327
11/27/2016,15708,6104,14746
11/28/2016,16449,7463,14883
11/29/2016,15074,6915,13881
11/30/2016,16228,7147,15140
12/01/2016,14722,6727,13722
12/02/2016,16563,7390,15439
12/03/2016,16480,9250,14046
12/04/2016,16951,9378,12992
12/05/2016,15889,7684,14357
12/06/2016,18103,9746,15861
12/07/2016,14962,6604,14120
12/08/2016,15100,6817,14277
12/09/2016,16049,8540,13974
12/10/2016,14657,7015,13880
12/11/2016,15179,7686,13690
12/12/2016,15807,7752,14807
12/13/2016,14433,7100,13654
12/14/2016,16376,8898,13995
12/15/2016,17355,9998,14090
12/16/2016,16139,7796,14878
12/17/2016,14798,7685,13423
12/18/2016,13465,7441,12199
12/19/2016,16637,8044,15568
12/20/2016,16566,8535,15678
12/21/2016,15834,8839,14692
12/22/2016,22942,8766,21219
12/23/2016,17169,7693,16151
12/24/2016,15112,7159,14272
12/25/2016,13705,6388,13110
12/26/2016,13757,6498,12986
12/27/2016,14343,7156,13406
12/28/2016,15071,7699,13942
12/29/2016,15052,8536,13920
12/30/2016,15526,7878,14006
12/31/2016,15516,8545,14339
01/01/2017,13792,6511,13050
01/02/2017,15041,7688,14029
01/03/2017,14621,8512,13429
01/04/2017,17700,10889,16189
01/05/2017,18570,10244,17153
01/06/2017,16841,10350,15256
01/07/2017,16371,8745,15148
01/08/2017,15463,7912,14525
01/09/2017,17027,10006,15169
01/10/2017,16047,8381,14988
01/11/2017,16126,9143,15081
01/12/2017,17455,9360,15555
01/13/2017,16637,8588,14856
01/14/2017,15774,7887,14415
01/15/2017,15988,7294,15071
01/16/2017,16692,9257,15563
01/17/2017,17452,8454,16300
01/18/2017,16318,7951,15191
01/19/2017,16188,8829,14975
01/20/2017,17872,9280,15973
01/21/2017,16131,8307,15080
01/22/2017,16272,7853,15274
01/23/2017,16470,8372,15153
01/24/2017,17423,8517,16124
01/25/2017,16238,7811,15022
01/26/2017,16443,8284,14974
01/27/2017,16089,7909,14899
01/28/2017,16108,7763,14829
01/29/2017,15482,7392,14459
01/30/2017,16759,8414,15274
01/31/2017,15712,8260,14423
02/01/2017,16306,8375,14984
02/02/2017,16351,8833,14676
02/03/2017,15995,8164,14657
02/04/2017,16891,8986,15437
02/05/2017,16953,9134,15695
02/06/2017,16235,9152,14911
02/07/2017,16535,8813,15154
02/08/2017,16947,9030,15495
02/09/2017,17021,8973,15602
02/10/2017,16931,10069,15521
02/11/2017,15901,8362,14612
02/12/2017,17004,9018,15459
02/13/2017,18346,11165,16782
02/14/2017,19137,11010,17249
02/15/2017,19185,10848,17426
02/16/2017,18258,9865,16830
02/17/2017,18047,9838,16493
02/18/2017,18026,10723,16499
02/19/2017,17214,9117,16081
02/20/2017,18491,10281,17021
02/21/2017,18250,9856,16902
02/22/2017,18193,9709,16802
02/23/2017,17754,9504,16586
02/24/2017,19639,10657,18237
02/25/2017,18689,10034,17464
02/26/2017,18730,10191,17530
02/27/2017,20078,11217,18767
02/28/2017,23021,13620,20938
03/01/2017,24651,14269,22019
03/02/2017,31685,21546,23078
03/03/2017,26429,16118,23406
03/04/2017,23540,14069,20855
03/05/2017,22808,13730,19679
03/06/2017,23221,13793,21312
03/07/2017,21813,12556,19851
03/08/2017,21960,12871,20174
03/09/2017,25280,14958,22693
03/10/2017,24371,16030,21011
03/11/2017,24576,14851,22674
03/12/2017,26292,16979,23865
03/13/2017,34429,23209,31045
03/14/2017,30115,19439,27091
03/15/2017,31542,20112,28632
03/16/2017,44107,29444,39426
03/17/2017,43499,28826,38947
03/18/2017,36158,23897,32384
03/19/2017,31709,20170,28623
03/20/2017,32279,20419,29468
03/21/2017,32919,20609,29758
03/22/2017,30383,18964,27633
03/23/2017,30354,18984,27615
03/24/2017,36015,23576,32001
03/25/2017,33780,21673,30310
03/26/2017,30236,18709,27537
03/27/2017,33517,21790,29582
03/28/2017,32440,20434,29297
03/29/2017,33267,20753,30110
03/30/2017,38708,25204,35315
03/31/2017,44816,30937,36090
04/01/2017,32156,20449,27643
04/02/2017,35603,23267,31555
04/03/2017,42730,29661,35761
04/04/2017,35399,22527,31476
04/05/2017,35449,23591,30329
04/06/2017,40228,26864,36352
04/07/2017,32355,19736,29253
04/08/2017,29309,17676,26479
04/09/2017,28630,16166,26030
04/10/2017,31501,19423,27863
04/11/2017,30688,18808,27288
04/12/2017,32314,20161,28957
04/13/2017,34022,21678,30563
04/14/2017,32508,19803,28855
04/15/2017,30949,18411,28156
04/16/2017,27818,15288,25600
04/17/2017,29469,16721,27256
04/18/2017,34029,19892,31155
04/19/2017,34368,20316,30808
04/20/2017,35730,21016,32837
04/21/2017,31523,18218,28183
04/22/2017,30641,17112,27984
04/23/2017,30828,17448,28304
04/24/2017,35372,20726,31313
04/25/2017,33726,19908,30107
04/26/2017,41016,20665,37616
04/27/2017,47165,29736,40235
04/28/2017,42682,26253,37437
04/29/2017,39536,22754,35801
04/30/2017,41994,25037,37267
05/01/2017,48109,28430,42986
05/02/2017,45811,28032,40187
05/03/2017,41383,23952,37465
05/04/2017,51347,30710,46832
05/05/2017,50155,30332,44678
05/06/2017,43008,25424,38797
05/07/2017,48106,29273,43130
05/08/2017,55812,36709,47762
05/09/2017,51935,32256,45894
05/10/2017,50607,29323,45588
05/11/2017,52792,31967,47465
05/12/2017,47119,29061,41418
05/13/2017,42641,24739,38108
05/14/2017,44544,26087,39935
05/15/2017,52285,32247,45331
05/16/2017,51989,32063,45962
05/17/2017,59674,39035,52232
05/18/2017,59137,37851,51402
05/19/2017,72169,48426,60119
05/20/2017,52745,35710,44840
05/21/2017,60760,37460,53475
05/22/2017,76577,45948,67510
05/23/2017,84640,48510,74414
05/24/2017,82374,50560,71487
05/25/2017,82062,49905,71840
05/26/2017,75845,47245,65375
05/27/2017,65466,38766,58183
05/28/2017,64125,37142,56582
05/29/2017,69704,41825,60600
05/30/2017,84395,50693,73773
05/31/2017,104711,67708,88704
06/01/2017,95855,62824,77532
06/02/2017,80502,49256,69559
06/03/2017,79531,48997,69123
06/04/2017,81766,48682,69775
06/05/2017,90497,56116,77549
06/06/2017,93828,55596,83384
06/07/2017,91968,54607,81147
06/08/2017,87377,49390,77396
06/09/2017,98492,60241,83999
06/10/2017,102906,59854,91389
06/11/2017,116208,68811,100530
06/12/2017,144434,94846,117403
06/13/2017,140874,85554,116928
06/14/2017,125711,75613,108085
06/15/2017,128893,78059,111131
06/16/2017,116219,68726,100558
06/17/2017,114518,69795,98144
06/18/2017,117716,72037,101350
06/19/2017,135922,78328,116447
06/20/2017,151616,92075,127823
06/21/2017,127585,90089,75725
06/22/2017,149841,89360,117949
06/23/2017,141004,82559,115978
06/24/2017,129925,77939,105364
06/25/2017,118839,68879,93808
06/26/2017,161655,102449,126377
06/27/2017,131371,82094,103738
06/28/2017,134121,81096,109491
06/29/2017,128479,77162,107360
06/30/2017,125918,75721,102703
07/01/2017,118460,72178,94550
07/02/2017,116552,70247,94826
07/03/2017,139816,87207,113813
07/04/2017,137400,86377,107253
07/05/2017,126131,75556,103582
07/06/2017,123861,72799,103934
07/07/2017,141544,91070,111782
07/08/2017,114782,63489,97280
07/09/2017,106758,60670,89020
07/10/2017,136602,82854,111506
07/11/2017,137156,79359,114453
07/12/2017,132087,76878,107800
07/13/2017,117891,64635,99597
07/14/2017,116172,62948,99264
07/15/2017,107889,63100,90986
07/16/2017,114301,61232,99417
07/17/2017,116018,66678,98065
07/18/2017,124913,71930,106114
07/19/2017,128268,74626,106625
07/20/2017,123586,70092,103504
07/21/2017,116589,61959,100275
07/22/2017,100052,53556,84419
07/23/2017,134919,86303,96059
07/24/2017,118578,67537,100845
07/25/2017,115043,63234,99717
07/26/2017,107111,58912,91147
07/27/2017,113994,62728,95407
07/28/2017,116827,63849,99305
07/29/2017,96858,52403,85278
07/30/2017,108455,52838,94171
07/31/2017,135084,79659,104435
08/01/2017,106335,60164,91875
08/02/2017,111100,64945,94246
08/03/2017,109747,64518,92661
08/04/2017,121420,71796,101323
08/05/2017,119715,74476,99278
08/06/2017,118506,69967,100014
08/07/2017,129098,79241,107440
08/08/2017,148408,90294,125036
08/09/2017,134629,83024,112265
08/10/2017,154838,96726,130881
08/11/2017,155542,97324,131336
08/12/2017,148745,91122,122038
08/13/2017,143487,83223,123758
08/14/2017,181585,109739,157170
08/15/2017,179961,110943,150424
08/16/2017,178464,111148,146943
08/17/2017,183003,112519,151652
08/18/2017,190977,121847,155492
08/19/2017,167550,94861,136689
08/20/2017,142924,85369,111078
08/21/2017,175651,107023,143797
08/22/2017,161069,99008,125680
08/23/2017,173650,106001,139793
08/24/2017,156855,91010,131401
08/25/2017,167143,99520,136220
08/26/2017,135130,74622,113016
08/27/2017,139079,79514,118190
08/28/2017,162083,93872,134570
08/29/2017,176430,109274,142302
08/30/2017,186063,110221,151977
08/31/2017,188436,117304,150442
09/01/2017,179660,110887,144703
09/02/2017,153678,90131,127924
09/03/2017,139176,79133,115624
09/04/2017,205103,131747,156528
09/05/2017,196849,122120,159017
09/06/2017,209382,127322,170894
09/07/2017,189293,116155,148448
09/08/2017,196028,114649,158735
09/09/2017,166726,101916,133934
09/10/2017,150997,80432,126373
09/11/2017,173477,102914,136934
09/12/2017,196919,125664,152268
09/13/2017,171053,108807,130488
09/14/2017,191004,123989,140361
09/15/2017,205483,132991,164228
09/16/2017,156652,90924,128899
09/17/2017,137379,68603,116599
09/18/2017,179199,99542,146321
09/19/2017,163243,98521,130771
09/20/2017,149304,94595,119752
09/21/2017,143325,87011,118301
09/22/2017,121621,73201,101230
09/23/2017,121977,76864,93878
09/24/2017,124968,82678,95742
09/25/2017,137729,90409,106226
09/26/2017,131700,83226,104643
09/27/2017,136268,83120,110591
09/28/2017,148276,94611,114793
09/29/2017,157275,94935,113951
09/30/2017,137391,84594,101896
10/01/2017,125039,73202,99159
10/02/2017,141143,84804,112241
10/03/2017,141952,88539,112797
10/04/2017,130083,81424,104349
10/05/2017,135770,87219,106519
10/06/2017,133418,82348,107261
10/07/2017,128030,80277,99928
10/08/2017,129178,81155,102861
10/09/2017,135661,85010,109347
10/10/2017,154709,102440,121642
10/11/2017,156337,105055,112131
10/12/2017,154569,100929,120581
10/13/2017,171228,117016,133132
10/14/2017,146064,93163,114976
10/15/2017,140177,84389,113783
10/16/2017,144930,85490,117311
10/17/2017,190127,128391,127330
10/18/2017,165860,102853,127271
10/19/2017,157431,92370,129967
10/20/2017,170757,110607,130666
10/21/2017,161304,104675,130282
10/22/2017,187439,134249,115300
10/23/2017,167894,107199,135801
10/24/2017,170724,107759,138439
10/25/2017,154826,95840,125623
10/26/2017,163207,95611,134796
10/27/2017,155329,96833,125321
10/28/2017,146685,90134,117934
10/29/2017,154087,97040,120384
10/30/2017,166929,107189,131539
10/31/2017,183766,112772,147678
11/01/2017,203403,135825,145504
11/02/2017,221245,144288,162897
11/03/2017,187279,115114,146121
11/04/2017,151881,93122,113083
11/05/2017,151377,91437,114033
11/06/2017,175325,107385,135231
11/07/2017,176697,109020,135525
11/08/2017,190605,120057,146982
11/09/2017,191221,122768,148952
11/10/2017,189377,113268,152352
11/11/2017,160813,100902,124376
11/12/2017,184566,117244,150744
11/13/2017,181735,110816,146152
11/14/2017,200518,126232,156971
11/15/2017,223801,143225,179758
11/16/2017,203311,125820,159648
11/17/2017,213857,137719,165877
11/18/2017,184534,114398,148154
11/19/2017,190248,118899,149604
11/20/2017,220195,128400,177432
11/21/2017,218786,140724,176178
11/22/2017,221517,142280,177786
11/23/2017,226587,138218,180798
11/24/2017,218669,135055,177861
11/25/2017,217824,134523,172465
11/26/2017,221071,138700,174577
11/27/2017,261418,170477,205707
11/28/2017,279130,173676,224940
11/29/2017,300257,189342,243867
11/30/2017,286670,171516,236007
12/01/2017,269459,147037,224048
12/02/2017,271772,155188,220833
12/03/2017,294406,180680,226901
12/04/2017,277304,177775,224910
12/05/2017,291425,182058,228534
12/06/2017,382371,227563,326626
12/07/2017,292205,164814,237602
12/08/2017,334093,197191,252137
12/09/2017,314888,198454,218520
12/10/2017,316657,197029,225315
12/11/2017,383467,225404,287946
12/12/2017,413364,269052,306132
12/13/2017,439382,276821,342430
12/14/2017,464402,285412,371653
12/15/2017,428067,266103,335763
12/16/2017,403702,248903,319634
12/17/2017,401426,248403,319203
12/18/2017,470459,271349,383192
12/19/2017,503283,313549,401935
12/20/2017,493822,304270,406791
12/21/2017,538201,323748,451422
12/22/2017,568084,369948,436131
12/23/2017,451498,279741,354979
12/24/2017,346300,207793,285652
12/25/2017,359700,203255,299828
12/26/2017,397073,248866,312099
12/27/2017,425320,265828,357570
12/28/2017,452868,264821,385374
12/29/2017,544455,348326,440921
12/30/2017,582403,373525,483225
12/31/2017,440956,274472,360535
01/01/2018,453142,274866,351679
01/02/2018,588284,381987,462488
01/03/2018,631269,372792,547838
01/04/2018,704786,421218,601693
01/05/2018,692927,390914,599109
01/06/2018,659531,380378,562604
01/07/2018,599293,374340,471040
01/08/2018,645895,374290,544766
01/09/2018,701526,443475,529973
01/10/2018,645543,378573,544672
01/11/2018,650421,402250,532190
01/12/2018,593834,364108,475090
01/13/2018,631490,397956,465841
01/14/2018,579715,369591,407605
01/15/2018,694740,439245,486172
01/16/2018,719094,459969,534529
01/17/2018,703315,448657,529929
01/18/2018,669434,428112,488146
01/19/2018,529466,328496,393899
01/20/2018,450908,267255,358995
01/21/2018,582463,423348,338074
01/22/2018,496789,307354,396008
01/23/2018,459297,287685,365777
01/24/2018,438354,271247,356943
01/25/2018,358125,225352,265063
01/26/2018,463444,298305,363121
01/27/2018,401484,258113,302482
01/28/2018,419513,246574,345336
01/29/2018,453838,280032,360739
01/30/2018,433204,270508,348742
01/31/2018,435646,265854,351237
02/01/2018,487376,311871,388365
02/02/2018,480521,301930,398162
02/03/2018,387179,235325,309653
02/04/2018,391710,259210,296602
02/05/2018,421744,259990,341978
02/06/2018,426817,272869,348067
02/07/2018,392058,246837,304190
02/08/2018,320196,199621,232973
02/09/2018,370462,227997,291197
02/10/2018,390968,242370,315794
02/11/2018,347349,227673,259316
02/12/2018,395977,247301,312475
02/13/2018,337583,209270,266264
02/14/2018,356929,229604,264743
02/15/2018,369500,229412,278924
02/16/2018,312694,187920,248808
02/17/2018,318130,188706,252652
02/18/2018,314609,197106,238383
02/19/2018,356303,217434,275186
02/20/2018,378454,246145,290430
02/21/2018,351755,225400,267264
02/22/2018,329592,203588,254533
02/23/2018,315850,190464,245663
02/24/2018,282273,163370,221980
02/25/2018,282268,170315,215984
02/26/2018,350654,213680,270991
02/27/2018,334755,203648,260591
02/28/2018,358559,214769,275367
03/01/2018,328359,205014,251912
03/02/2018,336320,203084,258908
03/03/2018,294134,170362,231424
03/04/2018,273683,155900,215080
03/05/2018,342785,203038,264858
03/06/2018,345762,219802,249740
03/07/2018,448020,315285,261899
03/08/2018,329913,200702,247093
03/09/2018,317341,186519,256144
03/10/2018,296475,170074,221695
03/11/2018,270699,153027,202125
03/12/2018,312269,164650,249159
03/13/2018,319563,189913,231198
03/14/2018,342301,218961,242474
03/15/2018,319299,189838,250599
03/16/2018,300746,166720,241628
03/17/2018,272699,157987,210548
03/18/2018,309524,171542,246286
03/19/2018,347729,200098,254460
03/20/2018,310437,175859,232750
03/21/2018,322853,198848,233094
03/22/2018,305757,170035,229458
03/23/2018,362118,248015,227354
03/24/2018,323999,208072,210758
03/25/2018,240239,135543,187127
03/26/2018,299394,170235,234471
03/27/2018,277447,163863,214704
03/28/2018,264748,149891,205986
03/29/2018,286067,171238,217765
03/30/2018,304059,181637,222672
03/31/2018,259653,147966,199090
04/01/2018,242924,133825,189008
04/02/2018,273669,152747,212089
04/03/2018,297313,175867,224507
04/04/2018,278604,164286,210073
04/05/2018,323318,197618,235129
04/06/2018,297370,176831,225464
04/07/2018,257955,149994,196135
04/08/2018,277445,167267,203358
04/09/2018,300919,180354,221989
04/10/2018,274869,165664,202889
04/11/2018,283631,178623,200959
04/12/2018,320576,203437,234733
04/13/2018,325286,205635,244253
04/14/2018,275453,172213,200267
04/15/2018,281542,168919,208117
04/16/2018,299241,176420,227121
04/17/2018,319361,179419,250236
04/18/2018,304728,186787,226352
04/19/2018,337828,209555,245103
04/20/2018,354452,216651,265413
04/21/2018,363413,210105,272092
04/22/2018,377403,241722,251928
04/23/2018,400340,252677,274130
04/24/2018,398806,248925,291599
04/25/2018,354255,221845,262870
04/26/2018,348776,220798,247261
04/27/2018,333756,205503,243761
04/28/2018,336485,195375,247621
04/29/2018,311137,190791,229838
04/30/2018,351507,210258,264706
05/01/2018,318286,186493,240034
05/02/2018,354323,224567,256806
05/03/2018,386469,253062,275127
05/04/2018,638527,498394,274830
05/05/2018,389457,264847,240797
05/06/2018,367166,221734,258272
05/07/2018,396945,255624,259908
05/08/2018,395701,266250,257395
05/09/2018,383316,249052,275151
05/10/2018,384352,253547,271185
05/11/2018,381229,249105,274099
05/12/2018,372004,243240,257897
05/13/2018,350874,224430,249886
05/14/2018,389530,246413,280298
05/15/2018,394959,263311,257063
05/16/2018,404851,268384,263942
05/17/2018,405109,281118,272017
05/18/2018,407182,271784,281199
05/19/2018,419001,288466,276613
05/20/2018,376988,261748,239102
05/21/2018,389891,251726,260836
05/22/2018,417019,295141,249896
05/23/2018,401871,276032,282513
05/24/2018,410529,269044,274959
05/25/2018,386640,260993,256186
05/26/2018,370234,257894,230825
05/27/2018,393679,267036,250938
05/28/2018,438416,286734,296296
05/29/2018,401388,282606,262588
05/30/2018,404789,267951,275630
05/31/2018,410576,284268,258194
06/01/2018,365994,238235,255453
06/02/2018,394146,274338,239035
06/03/2018,408190,271126,251694
06/04/2018,388906,255755,261557
06/05/2018,374315,236878,262475
06/06/2018,368497,236170,250392
06/07/2018,395149,256205,253896
06/08/2018,357936,236246,230730
06/09/2018,382920,270598,217283
06/10/2018,388785,275975,220811
06/11/2018,384748,254262,243327
06/12/2018,337754,222655,227958
06/13/2018,358452,221123,254877
06/14/2018,362152,220697,254704
06/15/2018,378228,257879,234578
06/16/2018,299073,192639,195582
06/17/2018,316567,210035,204986
06/18/2018,329956,206288,225451
06/19/2018,364512,249609,224012
06/20/2018,375823,268665,219081
06/21/2018,369142,257650,225821
06/22/2018,374568,271429,228833
06/23/2018,330059,212581,219284
06/24/2018,341625,228880,216464
06/25/2018,479604,363093,218473
06/26/2018,366154,257876,199825
06/27/2018,375754,249655,223056
06/28/2018,387761,239542,248953
06/29/2018,367634,255775,217681
06/30/2018,249734,145656,179881
07/01/2018,194680,101288,151871
07/02/2018,233290,120112,183698
07/03/2018,229397,128265,175191
07/04/2018,227125,122170,173636
07/05/2018,248750,148463,178786
07/06/2018,216614,116179,170413
07/07/2018,213953,120802,159137
07/08/2018,268811,160709,184702
07/09/2018,285438,173594,201864
07/10/2018,287127,181742,198197
07/11/2018,266502,171487,180383
07/12/2018,250056,147581,179433
07/13/2018,233407,132236,173510
07/14/2018,226291,132231,153917
07/15/2018,225376,129664,158516
07/16/2018,328178,214256,220275
07/17/2018,337052,222856,221824
07/18/2018,390950,285265,222989
07/19/2018,358454,242881,222457
07/20/2018,329711,211531,218659
07/21/2018,281166,173743,195491
07/22/2018,323244,224003,199461
07/23/2018,385356,277484,207937
07/24/2018,408341,295071,222762
07/25/2018,409874,289146,226557
07/26/2018,368305,247892,228404
07/27/2018,402720,278263,230867
07/28/2018,361597,222254,229584
07/29/2018,350971,233145,219008
07/30/2018,368815,247366,236573
07/31/2018,367697,238813,238150
08/01/2018,368594,250108,232865
08/02/2018,363700,247007,206864
08/03/2018,387948,266566,219778
08/04/2018,335532,232422,195806
08/05/2018,315435,208959,199963
08/06/2018,342890,227712,213355
08/07/2018,310987,207789,202001
08/08/2018,272401,179614,194892
08/09/2018,264337,159659,195395
08/10/2018,300801,196532,202559
08/11/2018,327442,227510,198914
08/12/2018,325901,228037,192302
08/13/2018,342714,230194,212681
08/14/2018,325296,217539,214412
08/15/2018,318019,212240,198892
08/16/2018,345016,239564,202858
08/17/2018,301691,209386,182560
08/18/2018,294918,201122,165615
08/19/2018,289103,194986,159823
08/20/2018,323289,218272,193424
08/21/2018,286021,178965,184062
08/22/2018,295215,192835,178041
08/23/2018,292230,180485,183416
08/24/2018,306331,206680,170635
08/25/2018,292298,194621,166204
08/26/2018,303181,206678,169205
08/27/2018,322122,221406,178532
08/28/2018,313813,192952,203644
08/29/2018,258943,168646,161936
08/30/2018,276281,173634,183849
08/31/2018,280263,181733,177212
09/01/2018,310363,208619,195624
09/02/2018,318098,213620,194407
09/03/2018,320342,216319,201397
09/04/2018,299260,202952,179591
09/05/2018,306687,204346,191871
09/06/2018,293095,183003,197723
09/07/2018,296254,193753,182954
09/08/2018,277065,186430,162469
09/09/2018,279793,187563,161889
09/10/2018,273426,181269,174321
09/11/2018,250196,158315,174162
09/12/2018,250193,161244,177216
09/13/2018,266722,171553,179168
09/14/2018,241301,155370,165963
09/15/2018,210966,126179,149215
09/16/2018,209731,124426,146693
09/17/2018,254633,160897,172253
09/18/2018,225909,140097,159422
09/19/2018,217448,134325,156823
09/20/2018,234017,145261,168232
09/21/2018,246240,154444,179800
09/22/2018,217765,135525,149903
09/23/2018,215114,137183,145515
09/24/2018,217869,135090,150687
09/25/2018,230534,143008,161144
09/26/2018,215167,129632,157584
09/27/2018,235021,134904,170805
09/28/2018,237297,131149,178864
09/29/2018,201920,116771,146855
09/30/2018,231317,146774,157851
10/01/2018,222643,127722,163737
10/02/2018,219857,123841,160202
10/03/2018,259694,174634,156475
10/04/2018,269798,172500,171618
10/05/2018,285833,197049,169674
10/06/2018,284751,196658,173451
10/07/2018,231586,150725,149955
10/08/2018,251484,163811,165089
10/09/2018,255082,172027,157750
10/10/2018,246001,156499,158311
10/11/2018,260510,171655,166534
10/12/2018,255527,162181,162888
10/13/2018,252756,168665,147497
10/14/2018,237995,149668,150938
10/15/2018,268108,172454,175914
10/16/2018,276793,180238,175339
10/17/2018,283209,193330,169528
10/18/2018,269713,173322,167324
10/19/2018,264054,175434,162492
10/20/2018,255542,165410,164881
10/21/2018,244530,157068,150874
10/22/2018,284592,187926,173349
10/23/2018,271429,177063,168174
10/24/2018,273468,179530,168852
10/25/2018,260627,171034,167376
10/26/2018,269457,176675,168404
10/27/2018,245069,162407,145110
10/28/2018,247335,143445,169854
10/29/2018,293856,192604,181990
10/30/2018,302838,197381,184489
10/31/2018,295978,190073,188062
11/01/2018,274530,170343,183072
11/02/2018,239953,145802,169082
11/03/2018,231302,142399,155987
11/04/2018,238198,149941,155116
11/05/2018,264180,169366,182030
11/06/2018,253403,164016,175100
11/07/2018,239804,145758,174466
11/08/2018,234637,143971,167980
11/09/2018,259704,166806,167533
11/10/2018,240780,151171,156262
11/11/2018,265503,174648,165631
11/12/2018,262680,168474,170909
11/13/2018,250433,157552,169423
11/14/2018,259730,170439,176195
11/15/2018,250766,162047,175957
11/16/2018,241016,152296,170244
11/17/2018,221406,138414,155735
11/18/2018,216845,133266,147332
11/19/2018,292342,205686,177683
11/20/2018,266500,179409,188654
11/21/2018,235548,152401,168217
11/22/2018,230275,151104,156300
11/23/2018,230964,151266,161554
11/24/2018,205019,132718,141198
11/25/2018,223133,147337,160250
11/26/2018,235607,154101,159493
11/27/2018,224852,148349,153930
11/28/2018,249355,153228,182007
11/29/2018,221155,139939,160805
11/30/2018,236868,154881,167334
12/01/2018,216397,133357,150229
12/02/2018,208558,132122,140635
12/03/2018,223148,143838,157446
12/04/2018,217979,137585,155263
12/05/2018,235788,156409,159728
12/06/2018,232183,149322,163171
12/07/2018,246293,166672,166579
12/08/2018,259985,184804,157619
12/09/2018,229165,153463,154398
12/10/2018,254919,158795,175048
12/11/2018,221500,146046,152459
12/12/2018,222636,151945,147198
12/13/2018,224605,148425,152766
12/14/2018,225717,148869,155025
12/15/2018,232086,161896,150849
12/16/2018,235005,161571,168400
12/17/2018,236333,156778,163013
12/18/2018,223395,144162,156280
12/19/2018,245097,166388,163977
12/20/2018,246086,167251,164131
12/21/2018,241999,158889,163461
12/22/2018,202438,128889,141139
12/23/2018,227784,149885,150586
12/24/2018,252832,161392,175995
12/25/2018,227288,151206,146113
12/26/2018,233172,160624,145711
12/27/2018,238363,164942,146541
12/28/2018,248362,164509,166825
12/29/2018,242319,173014,146515
12/30/2018,207808,140079,137623
12/31/2018,226013,155403,141695
01/01/2019,201242,135734,127592
01/02/2019,240316,165887,150981
01/03/2019,259752,183856,153289
01/04/2019,228945,157214,148502
01/05/2019,216107,146872,141315
01/06/2019,221028,150961,139149
01/07/2019,249640,167336,160430
01/08/2019,246656,172132,159019
01/09/2019,248538,169040,162443
01/10/2019,243553,164827,162471
01/11/2019,235447,163141,148627
01/12/2019,189309,122361,128672
01/13/2019,198740,128361,139811
01/14/2019,271125,195302,151241
01/15/2019,245116,172573,147122
01/16/2019,216883,144089,143390
01/17/2019,216437,145169,141741
01/18/2019,217354,146986,146564
01/19/2019,208201,138168,137895
01/20/2019,196352,132806,131013
01/21/2019,215040,143304,142811
01/22/2019,207146,136438,140787
01/23/2019,215198,147626,142880
01/24/2019,209817,145665,136004
01/25/2019,213051,146123,142498
01/26/2019,196601,123843,136592
01/27/2019,201501,140118,140496
01/28/2019,242450,162901,159521
01/29/2019,219778,152733,142820
01/30/2019,208898,139512,144660
01/31/2019,208575,142724,140651
02/01/2019,204710,137469,136113
02/02/2019,183802,116852,125229
02/03/2019,169639,107546,115155
02/04/2019,166444,101681,116723
02/05/2019,168852,104858,115426
02/06/2019,173441,104705,123242
02/07/2019,169031,105025,117004
02/08/2019,186134,123866,122525
02/09/2019,170698,107532,116914
02/10/2019,157443,98713,107878
02/11/2019,179265,117185,120302
02/12/2019,184724,116886,128657
02/13/2019,189676,123583,132790
02/14/2019,189326,126718,128807
02/15/2019,193086,128615,130435
02/16/2019,183084,119855,124045
02/17/2019,178009,117429,120731
02/18/2019,225128,153474,149765
02/19/2019,221282,144299,151262
02/20/2019,204143,136466,136366
02/21/2019,195510,127436,133799
02/22/2019,200174,132887,136055
02/23/2019,190617,127247,126042
02/24/2019,203517,135170,137481
02/25/2019,210843,131925,148973
02/26/2019,210536,139462,141785
02/27/2019,215537,147111,138705
02/28/2019,222464,138333,155358
03/01/2019,226903,157482,136088
03/02/2019,209048,141435,127345
03/03/2019,195215,129596,120594
03/04/2019,228703,150457,148883
03/05/2019,227650,158625,144826
03/06/2019,226990,157212,143718
03/07/2019,226430,155132,143902
03/08/2019,227294,153035,146450
03/09/2019,225885,156996,136618
03/10/2019,191094,124973,126826
03/11/2019,207488,138448,137612
03/12/2019,228995,156167,145520
03/13/2019,221923,150840,143480
03/14/2019,229351,150913,150793
03/15/2019,215939,150049,141186
03/16/2019,194194,127366,134766
03/17/2019,203611,132446,136047
03/18/2019,230509,162048,149406
03/19/2019,235541,169132,151043
03/20/2019,231451,168414,160127
03/21/2019,218233,153596,148418
03/22/2019,221901,158476,150875
03/23/2019,205414,148541,133869
03/24/2019,202948,144864,137104
03/25/2019,256346,187066,159576
03/26/2019,244908,179973,158353
03/27/2019,232654,167735,160912
03/28/2019,242150,171619,170272
03/29/2019,236469,172285,163260
03/30/2019,232552,164481,159219
03/31/2019,221983,158569,148080
04/01/2019,280846,201017,188344
04/02/2019,313817,235324,193547
04/03/2019,294028,217768,199211
04/04/2019,261752,192688,168489
04/05/2019,253156,185488,155487
04/06/2019,223399,159376,144717
04/07/2019,234639,168345,154367
04/08/2019,264757,192401,181128
04/09/2019,265719,196651,170770
04/10/2019,251030,177955,174279
04/11/2019,285567,216582,175978
04/12/2019,298897,233426,156037
04/13/2019,250838,186656,143586
04/14/2019,206936,143346,139660
04/15/2019,250824,176799,167591
04/16/2019,248545,171578,171328
04/17/2019,255422,178250,168502
04/18/2019,259251,189068,163243
04/19/2019,283516,207530,171200
04/20/2019,334013,268390,154383
04/21/2019,271588,202821,172137
04/22/2019,285357,199284,196363
04/23/2019,292291,217898,183166
04/24/2019,268331,198779,172817
04/25/2019,254890,189268,170585
04/26/2019,250912,180112,172613
04/27/2019,216654,154787,140881
04/28/2019,222821,156342,152289
04/29/2019,244532,170040,163728
04/30/2019,265663,193979,170643
05/01/2019,265155,196783,175465
05/02/2019,226927,158976,159322
05/03/2019,239884,173774,163632
05/04/2019,220076,157037,150639
05/05/2019,224749,166330,150252
05/06/2019,247412,176380,173603
05/07/2019,245550,174171,175008
05/08/2019,249532,177773,172819
05/09/2019,255100,189168,169991
05/10/2019,265936,195147,181485
05/11/2019,262147,196315,175449
05/12/2019,252855,188596,168867
05/13/2019,289871,212634,202501
05/14/2019,320062,237811,219549
05/15/2019,336620,246244,242480
05/16/2019,362643,263577,254023
05/17/2019,323447,233620,223154
05/18/2019,288235,210610,194382
05/19/2019,282300,206291,180748
05/20/2019,305207,222817,200037
05/21/2019,328977,238840,218696
05/22/2019,305248,220629,204617
05/23/2019,309980,224739,203102
05/24/2019,318787,235089,205049
05/25/2019,293269,217246,188962
05/26/2019,287280,211793,178522
05/27/2019,341835,256429,227812
05/28/2019,329066,239014,230778
05/29/2019,330314,244926,236069
05/30/2019,332460,243970,221801
05/31/2019,356404,265127,227931
06/01/2019,453438,335814,246666
06/02/2019,410509,258429,272013
06/03/2019,366278,237843,254113
06/04/2019,327772,245237,204699
06/05/2019,296171,220957,187170
06/06/2019,368214,285798,190656
06/07/2019,270675,195934,172980
06/08/2019,251606,186530,155042
06/09/2019,307050,239642,160455
06/10/2019,291296,219017,173843
06/11/2019,357716,285275,175674
06/12/2019,450835,379140,175850
06/13/2019,326375,251005,196774
06/14/2019,317465,241199,193791
06/15/2019,310865,232835,228024
06/16/2019,418534,343882,223747
06/17/2019,296447,219556,192571
06/18/2019,317144,232195,201866
06/19/2019,308763,225050,196256
06/20/2019,287217,207850,189142
06/21/2019,341967,263751,201663
06/22/2019,328400,252761,202478
06/23/2019,302063,231486,179403
06/24/2019,323384,242331,208238
06/25/2019,323790,242531,204237
06/26/2019,358138,277627,228343
06/27/2019,324132,240819,219908
06/28/2019,299852,219619,201524
06/29/2019,281218,212647,185798
06/30/2019,258711,187553,173575
07/01/2019,293928,212787,192178
07/02/2019,352011,276388,184306
07/03/2019,325321,252567,189650
07/04/2019,318175,243525,180283
07/05/2019,291322,223727,162530
07/06/2019,269958,204291,150193
07/07/2019,245114,176693,151163
07/08/2019,298845,223436,175956
07/09/2019,319067,243354,185645
07/10/2019,303260,224482,181501
07/11/2019,282704,204716,176719
07/12/2019,301034,226778,176204
07/13/2019,241032,175470,144131
07/14/2019,252370,182150,159933
07/15/2019,301200,223614,183300
07/16/2019,241843,167836,166323
07/17/2019,286567,212531,182535
07/18/2019,273646,202375,166640
07/19/2019,270643,208435,155476
07/20/2019,239642,175025,147569
07/21/2019,217168,158932,133315
07/22/2019,278790,185911,181629
07/23/2019,241417,175660,158326
07/24/2019,228786,163977,150687
07/25/2019,233019,171650,147804
07/26/2019,258260,193853,157649
07/27/2019,244359,183581,157309
07/28/2019,241052,175714,154914
07/29/2019,266938,194275,164317
07/30/2019,302784,231895,171665
07/31/2019,261034,192339,166916
08/01/2019,247715,176407,166912
08/02/2019,269576,202374,164871
08/03/2019,226728,162010,149165
08/04/2019,239596,175035,143678
08/05/2019,302804,230537,182972
08/06/2019,314606,240780,196931
08/07/2019,281041,209321,179840
08/08/2019,275946,213040,164406
08/09/2019,290546,221345,174698
08/10/2019,272786,206305,159282
08/11/2019,241555,181987,152900
08/12/2019,300812,241695,171273
08/13/2019,287455,210751,186453
08/14/2019,286631,220037,182422
08/15/2019,263277,194684,174651
08/16/2019,296649,219878,177870
08/17/2019,255735,179065,164326
08/18/2019,243308,179628,149968
08/19/2019,274854,210291,170635
08/20/2019,287930,218875,182397
08/21/2019,293226,219927,190462
08/22/2019,283282,212934,175115
08/23/2019,293564,226519,173821
08/24/2019,268405,205294,157878
08/25/2019,259689,196810,151747
08/26/2019,287659,222499,170852
08/27/2019,290429,225536,166569
08/28/2019,279699,212133,165294
08/29/2019,285377,214547,171792
08/30/2019,272237,207292,161186
08/31/2019,258612,194124,151537
09/01/2019,249205,191483,139878
09/02/2019,294276,230213,161900
09/03/2019,284649,223411,162079
09/04/2019,278394,220915,152319
09/05/2019,308599,241754,171065
09/06/2019,300690,230681,175349
09/07/2019,268616,208010,154761
09/08/2019,264839,204750,152038
09/09/2019,302061,234466,172609
09/10/2019,282200,210418,158553
09/11/2019,284770,214969,166494
09/12/2019,286828,221270,169792
09/13/2019,253825,192883,148283
09/14/2019,254716,195676,149517
09/15/2019,262165,200342,150762
09/16/2019,295705,230634,174431
09/17/2019,280974,219109,159148
09/18/2019,286033,220930,165769
09/19/2019,274872,217168,152109
09/20/2019,289748,224810,175721
09/21/2019,229948,174247,140087
09/22/2019,217817,161802,132595
09/23/2019,232918,169085,147508
09/24/2019,270860,195568,171138
09/25/2019,254418,181729,168238
09/26/2019,246414,183844,149571
09/27/2019,242952,182833,147329
09/28/2019,235064,177582,133508
09/29/2019,210003,157304,129887
09/30/2019,249904,189906,149642
10/01/2019,254363,196926,140289
10/02/2019,250918,192702,136657
10/03/2019,221114,167070,132282
10/04/2019,217121,164523,129572
10/05/2019,227957,171705,134115
10/06/2019,217326,165986,122007
10/07/2019,235030,178427,144493
10/08/2019,252556,188596,153140
10/09/2019,279085,220596,165391
10/10/2019,266237,209369,154925
10/11/2019,265384,212022,145866
10/12/2019,234523,182023,132932
10/13/2019,213459,164534,125881
10/14/2019,240329,186829,142151
10/15/2019,253394,194524,154097
10/16/2019,244381,190031,143033
10/17/2019,242413,188901,142901
10/18/2019,268990,208511,161226
10/19/2019,240435,188899,146646
10/20/2019,220164,170398,130249
10/21/2019,245725,189322,151339
10/22/2019,251041,191582,148104
10/23/2019,244335,188855,148509
10/24/2019,243599,188745,143507
10/25/2019,253161,200617,145651
10/26/2019,251539,198347,145315
10/27/2019,223638,171497,134570
10/28/2019,255089,197838,152078
10/29/2019,252475,193002,150683
10/30/2019,250165,193618,146791
10/31/2019,248708,192558,147010
11/01/2019,248286,193689,139541
11/02/2019,216218,165519,125263
11/03/2019,208579,159710,119898
11/04/2019,238737,183840,139407
11/05/2019,271119,214877,151368
11/06/2019,250135,194333,146530
11/07/2019,320428,264438,145023
11/08/2019,253164,195978,146741
11/09/2019,213528,165355,127477
11/10/2019,234323,180311,129864
11/11/2019,263983,199172,157815
11/12/2019,265564,211467,144597
11/13/2019,258872,206844,147298
11/14/2019,249005,189695,151826
11/15/2019,239616,186461,139848
11/16/2019,214086,165159,122591
11/17/2019,223144,176832,117300
11/18/2019,248950,194341,141679
11/19/2019,249615,193183,145939
11/20/2019,238121,186688,136213
11/21/2019,267383,209649,162033
11/22/2019,280676,225652,152649
11/23/2019,218205,170061,124164
11/24/2019,199230,151191,114405
11/25/2019,250899,196239,151886
11/26/2019,227111,177683,129870
11/27/2019,220028,172054,126835
11/28/2019,218051,168613,124479
11/29/2019,241357,192510,126893
11/30/2019,203889,155004,116329
12/01/2019,213993,164768,129962
12/02/2019,257160,204789,146954
12/03/2019,226579,177379,134179
12/04/2019,229449,180791,132981
12/05/2019,228483,178283,129616
12/06/2019,217424,169103,124333
12/07/2019,182857,138856,104914
12/08/2019,170279,125421,92083
12/09/2019,242778,193267,134751
12/10/2019,226996,177445,127426
12/11/2019,226600,178868,123961
12/12/2019,218010,171975,123829
12/13/2019,220835,174064,125524
12/14/2019,191317,146811,107350
12/15/2019,194200,149564,108307
12/16/2019,228429,180305,128574
12/17/2019,218525,169385,128292
12/18/2019,232508,179450,136609
12/19/2019,221187,175939,121368
12/20/2019,219889,171799,123866
12/21/2019,198982,156829,102080
12/22/2019,186103,143602,99611
12/23/2019,220156,175097,120706
12/24/2019,203462,159682,112904
12/25/2019,194669,150982,104794
12/26/2019,208979,165859,120738
12/27/2019,203107,159729,111758
12/28/2019,187220,145033,101807
12/29/2019,173979,134423,95156
12/30/2019,219393,173853,114715
12/31/2019,193210,149836,109546
01/01/2020,159295,121990,90611
01/02/2020,175870,133818,99904
01/03/2020,210313,160010,124178
01/04/2020,199485,152368,114321
01/05/2020,189356,142715,107946
01/06/2020,221194,171432,124719
01/07/2020,223978,173444,125023
01/08/2020,233165,185234,125266
01/09/2020,231043,179860,128215
01/10/2020,213327,165961,122895
01/11/2020,196334,152099,114093
01/12/2020,180291,138615,104213
01/13/2020,211198,155727,125012
01/14/2020,244672,193421,135455
01/15/2020,252357,198936,143001
01/16/2020,260751,212693,144533
01/17/2020,235030,185957,136233
01/18/2020,225981,180231,124346
01/19/2020,217486,173906,117151
01/20/2020,216195,170447,119153
01/21/2020,213559,167246,120615
01/22/2020,196159,151024,115060
01/23/2020,216593,173711,107802
01/24/2020,176400,132882,101334
01/25/2020,170004,112956,103040
01/26/2020,152762,113679,86368
01/27/2020,184994,135477,108786
01/28/2020,191040,145987,107455
01/29/2020,199301,150940,115045
01/30/2020,197856,150134,115132
01/31/2020,204915,157985,116201
02/01/2020,193441,149327,111230
02/02/2020,189157,143245,110340
02/03/2020,236771,186028,123608
02/04/2020,203217,153678,118989
02/05/2020,233597,181351,129442
02/06/2020,234097,179226,136405
02/07/2020,242823,186639,140192
02/08/2020,255952,199505,141166
02/09/2020,258669,202804,141365
02/10/2020,250070,193155,145091
02/11/2020,269185,211442,154846
02/12/2020,319502,251919,190075
02/13/2020,294591,234894,170822
02/14/2020,273148,214840,150954
02/15/2020,261633,205742,143001
02/16/2020,244904,193863,129289
02/17/2020,260991,206710,138926
02/18/2020,274683,214917,151091
02/19/2020,255674,200172,144191
02/20/2020,252827,196262,139978
02/21/2020,260236,207197,139306
02/22/2020,252009,200928,121654
02/23/2020,263919,211631,123649
02/24/2020,270231,215341,138143
02/25/2020,244813,184107,146815
02/26/2020,254217,194826,152733
02/27/2020,263926,206938,148700
02/28/2020,255388,201090,147977
02/29/2020,230535,181134,130474
03/01/2020,225778,164640,139123
03/02/2020,262282,208304,143585
03/03/2020,233347,178167,141119
03/04/2020,246396,191304,144742
03/05/2020,269351,213514,146485
03/06/2020,248086,191627,145841
03/07/2020,230664,176153,136546
03/08/2020,225432,171451,134887
03/09/2020,264282,207178,156671
03/10/2020,251935,194439,148693
03/11/2020,247909,191482,143288
03/12/2020,250268,181353,159099
03/13/2020,290208,216029,191217
03/14/2020,248510,190324,140914
03/15/2020,231787,178847,132999
03/16/2020,272475,210972,164158
03/17/2020,273313,212677,156324
03/18/2020,302391,240426,150890
03/19/2020,362517,291556,169439
03/20/2020,328086,259075,170245
03/21/2020,390368,336979,171758
03/22/2020,295480,247115,158919
03/23/2020,316061,262494,170939
03/24/2020,309222,255819,151370
03/25/2020,284832,231168,146412
03/26/2020,295289,243484,144821
03/27/2020,296964,245450,142552
03/28/2020,243402,193427,132499
03/29/2020,225262,177228,121520
03/30/2020,269242,206151,155494
03/31/2020,256569,200329,155106
04/01/2020,249259,198799,138163
04/02/2020,264406,208537,150413
04/03/2020,267880,209214,154354
04/04/2020,232113,179652,134255
04/05/2020,224338,171935,132248
04/06/2020,288424,208169,179886
04/07/2020,276395,216751,160814
04/08/2020,342424,286279,155396
04/09/2020,275384,216239,155812
04/10/2020,269522,215977,154365
04/11/2020,249382,197358,139937
04/12/2020,261362,211566,139673
04/13/2020,286794,235137,148592
04/14/2020,327012,270969,157865
04/15/2020,300348,245738,159536
04/16/2020,283483,228367,167470
04/17/2020,304620,246944,165726
04/18/2020,309901,253461,167055
04/19/2020,292100,240382,156733
04/20/2020,318477,257525,179637
04/21/2020,308759,240885,181065
04/22/2020,300954,229105,184046
04/23/2020,325328,253968,194900
04/24/2020,333566,259811,197903
04/25/2020,302047,237080,183064
04/26/2020,299059,233374,181947
04/27/2020,321281,251804,195228
04/28/2020,322149,251121,188682
04/29/2020,345258,262573,217238
04/30/2020,339669,264813,212385
05/01/2020,327622,256097,190106
05/02/2020,313649,254439,166112
05/03/2020,330025,266775,168171
05/04/2020,298027,235794,180134
05/05/2020,296348,234474,172946
05/06/2020,315688,251782,183894
05/07/2020,326720,250868,199199
05/08/2020,333175,257527,206699
05/09/2020,341423,272957,197611
05/10/2020,331001,256070,204907
05/11/2020,332262,259685,202809
05/12/2020,315933,245341,199037
05/13/2020,293787,221815,189980
05/14/2020,297910,223337,197270
05/15/2020,319069,246365,201039
05/16/2020,310647,241880,186408
05/17/2020,297580,227262,183865
05/18/2020,318949,242616,203342
05/19/2020,328912,252710,199722
05/20/2020,321358,242522,203856
05/21/2020,326301,244204,213316
05/22/2020,337403,253674,215320
05/23/2020,333005,261840,193504
05/24/2020,300696,231304,184177
05/25/2020,317561,238839,201551
05/26/2020,335851,254890,216220
05/27/2020,332968,259582,220749
05/28/2020,340054,267558,220013
05/29/2020,374674,303570,220263
05/30/2020,346995,277960,213042
05/31/2020,328248,262815,198581
06/01/2020,355227,280897,226840
06/02/2020,388814,310760,238820
06/03/2020,352013,280355,208847
06/04/2020,366835,291466,219370
06/05/2020,347352,271335,210192
06/06/2020,332189,250853,199382
06/07/2020,317232,233340,201189
06/08/2020,369337,274452,234984
06/09/2020,361895,296522,200431
06/10/2020,348050,281055,206477
06/11/2020,349349,280948,211093
06/12/2020,364656,301559,202240
06/13/2020,343521,285163,177887
06/14/2020,318564,261300,170853
06/15/2020,356076,281882,218401
06/16/2020,352652,289000,208027
06/17/2020,346857,280770,214563
06/18/2020,374782,312862,207533
06/19/2020,363156,298705,213562
06/20/2020,366642,308339,198430
06/21/2020,350978,293195,194296
06/22/2020,385734,316092,227925
06/23/2020,401405,330210,235246
06/24/2020,381492,314207,233177
06/25/2020,377998,308736,232902
06/26/2020,380731,314987,231576
06/27/2020,375433,314110,220254
06/28/2020,384846,323988,198990
06/29/2020,445326,377156,212832
06/30/2020,424414,346557,239677
07/01/2020,411699,336182,235283
07/02/2020,406711,334668,225451
07/03/2020,388347,317932,222472
07/04/2020,384319,318908,198786
07/05/2020,344150,278599,190341
07/06/2020,382756,307643,226874
07/07/2020,406188,332866,232298
07/08/2020,406388,326817,245164
07/09/2020,404057,327312,239570
07/10/2020,385148,313725,226656
07/11/2020,391142,320248,212623
07/12/2020,372090,302386,208949
07/13/2020,422083,340610,256923
07/14/2020,418471,332054,258664
07/15/2020,436128,356002,247977
07/16/2020,394000,316742,249336
07/17/2020,385733,313378,244623
07/18/2020,362714,291192,222550
07/19/2020,375637,306577,211743
07/20/2020,413162,332084,241703
07/21/2020,377815,294927,245359
07/22/2020,397424,314727,247018
07/23/2020,414992,324451,264147
07/24/2020,392813,307539,249821
07/25/2020,414293,327797,254128
07/26/2020,415912,327085,256625
07/27/2020,452901,349959,295493
07/28/2020,484572,388301,290967
07/29/2020,412271,324071,257205
07/30/2020,417721,335018,257820
07/31/2020,424884,336913,266482
08/01/2020,444440,355871,261917
08/02/2020,429791,337038,266891
08/03/2020,447624,352199,272133
08/04/2020,457094,364565,268721
08/05/2020,461384,367159,275896
08/06/2020,465284,376641,274317
08/07/2020,441552,351170,283022
08/08/2020,417797,338630,247085
08/09/2020,391435,312459,245456
08/10/2020,411595,316283,281026
08/11/2020,405350,306646,273858
08/12/2020,351422,239533,259385
08/13/2020,377816,273889,265791
08/14/2020,391305,288549,259178
08/15/2020,402008,311321,241429
08/16/2020,396728,310455,238982
08/17/2020,398428,302595,252291
08/18/2020,388973,294554,251937
08/19/2020,396285,306627,250570
08/20/2020,394016,304315,241162
08/21/2020,418943,326515,279626
08/22/2020,377006,294112,232972
08/23/2020,391132,314108,235275
08/24/2020,397914,312163,239686
08/25/2020,385868,298839,249162
08/26/2020,397722,312148,245435
08/27/2020,391712,308659,238123
08/28/2020,370248,286630,228786
08/29/2020,341047,264507,214016
08/30/2020,316417,228034,222136
08/31/2020,371267,270946,263141
09/01/2020,367221,252935,269732
09/02/2020,349031,240138,252620
09/03/2020,351151,246372,247128
09/04/2020,393339,295633,243168
09/05/2020,315690,225774,208710
09/06/2020,347957,263183,205163
09/07/2020,352857,270789,205342
09/08/2020,343663,261635,196983
09/09/2020,320893,240184,199228
09/10/2020,316192,231248,205610
09/11/2020,311490,229502,199177
09/12/2020,312900,235001,188265
09/13/2020,291066,219035,179044
09/14/2020,313934,231104,203142
09/15/2020,340740,256338,209872
09/16/2020,316213,235631,199538
09/17/2020,445217,340570,320155
09/18/2020,428743,325762,276293
09/19/2020,379637,294928,214501
09/20/2020,402408,324285,210133
09/21/2020,401767,315123,224427
09/22/2020,367103,284314,214855
09/23/2020,377128,294431,207369
09/24/2020,392544,311328,212072
09/25/2020,358513,280483,204365
09/26/2020,357624,283461,180909
09/27/2020,348447,276790,179641
09/28/2020,370708,286239,213931
09/29/2020,370761,288447,215760
09/30/2020,368437,286783,223127
10/01/2020,361319,281599,197649
10/02/2020,352205,274049,191370
10/03/2020,328233,256979,177154
10/04/2020,339462,270853,172232
10/05/2020,328559,251083,191006
10/06/2020,350221,268038,201964
10/07/2020,352705,277220,190336
10/08/2020,349359,273049,190894
10/09/2020,374349,295119,203554
10/10/2020,365867,293311,198208
10/11/2020,356874,285525,189265
10/12/2020,371009,292939,204975
10/13/2020,405963,326903,212378
10/14/2020,393764,315375,213524
10/15/2020,533511,446866,268901
10/16/2020,483916,402238,243321
10/17/2020,431067,354468,217000
10/18/2020,367266,297272,192836
10/19/2020,396357,319047,215929
10/20/2020,389225,308966,224568
10/21/2020,421969,334545,254308
10/22/2020,452632,366664,267801
10/23/2020,430670,348025,259733
10/24/2020,394318,318974,206861
10/25/2020,350599,276177,198483
10/26/2020,382457,300969,220035
10/27/2020,386285,303401,220782
10/28/2020,409334,325468,228434
10/29/2020,377289,294231,230600
10/30/2020,390866,310398,231751
10/31/2020,411117,331932,233890
11/01/2020,383398,307001,215121
11/02/2020,416670,330400,242132
11/03/2020,410326,326256,235392
11/04/2020,465901,384025,226674
11/05/2020,426633,338757,235380
11/06/2020,459937,368222,257828
11/07/2020,433313,351557,231675
11/08/2020,397032,319703,213602
11/09/2020,431764,350860,230455
11/10/2020,417243,334163,235984
11/11/2020,427869,342621,236337
11/12/2020,409178,324161,228187
11/13/2020,426682,338420,243514
11/14/2020,425066,346474,218112
11/15/2020,385068,311005,203575
11/16/2020,417196,333239,227418
11/17/2020,435594,344458,262656
11/18/2020,416577,323275,260593
11/19/2020,436937,328301,266380
11/20/2020,442114,350677,272013
11/21/2020,464448,368624,271021
11/22/2020,451267,360119,257725
11/23/2020,469915,367072,276191
11/24/2020,460524,354143,289803
11/25/2020,477885,378494,277968
11/26/2020,417612,323721,253156
11/27/2020,446478,363813,216578
11/28/2020,408303,330592,200466
11/29/2020,440192,361916,193149
11/30/2020,430099,337220,244561
12/01/2020,438073,341551,253918
12/02/2020,403142,314995,219554
12/03/2020,410608,321281,226186
12/04/2020,410141,324670,231599
12/05/2020,401719,318912,218993
12/06/2020,376885,300761,195823
12/07/2020,395197,312575,217167
12/08/2020,403949,318398,229610
12/09/2020,401998,315347,233392
12/10/2020,381124,298899,220585
12/11/2020,403955,317328,238648
12/12/2020,425305,339044,268434
12/13/2020,453642,352728,302990
12/14/2020,470822,368932,312073
12/15/2020,444755,350976,294958
12/16/2020,488008,387350,307021
12/17/2020,537242,422760,321536
12/18/2020,476663,382246,290730
12/19/2020,477560,389997,238806
12/20/2020,404962,318293,222459
12/21/2020,403845,313576,237443
12/22/2020,407729,315935,241073
12/23/2020,458030,358043,277171
12/24/2020,426189,326021,259093
12/25/2020,401214,316684,236823
12/26/2020,407771,321456,236751
12/27/2020,429897,330475,260301
12/28/2020,465651,353418,283579
12/29/2020,452769,346070,274600
12/30/2020,451586,346682,269313
12/31/2020,426829,328207,261071
01/01/2021,446762,353464,242191
01/02/2021,424287,318880,268855
01/03/2021,494406,358951,319015
01/04/2021,516263,362647,351786
01/05/2021,509462,373948,325937
01/06/2021,535915,395280,339755
01/07/2021,574823,421120,348378
01/08/2021,535635,392830,339836
01/09/2021,540285,412619,310567
01/10/2021,528656,399415,309137
01/11/2021,517725,378897,324847
01/12/2021,470632,350226,292849
01/13/2021,461854,348454,276599
01/14/2021,491628,369591,296349
01/15/2021,508947,392369,299322
01/16/2021,495600,382875,290770
01/17/2021,460716,357034,262995
01/18/2021,485360,371075,291205
01/19/2021,513876,382214,320519
01/20/2021,495988,375040,293798
01/21/2021,454587,336305,282580
01/22/2021,453378,333798,288007
01/23/2021,452831,349741,261366
01/24/2021,447566,337412,270616
01/25/2021,469768,341994,305992
01/26/2021,479431,362068,285319
01/27/2021,430742,315701,276955
01/28/2021,480759,352705,317461
01/29/2021,531973,386797,365069
01/30/2021,504767,374001,327268
01/31/2021,483761,353665,323369
02/01/2021,504674,362817,346409
02/02/2021,523487,372984,356372
02/03/2021,552085,392793,366885
02/04/2021,538660,376425,368400
02/05/2021,527200,362754,378187
02/06/2021,508149,355998,348401
02/07/2021,506071,358796,338433
02/08/2021,528317,370797,355610
02/09/2021,539343,375842,373290
02/10/2021,545138,371874,388241
02/11/2021,535331,383053,353903
02/12/2021,525546,377478,355812
